id,client_id,tenant_id,date_commande,montant_total,statut_commande,delivery_company_id
1,420,1,2025-05-01,162.02,cancelled,1
2,249,1,2025-02-02,247.61,cancelled,3
3,204,1,2025-04-26,232.5,completed,3
4,380,1,2025-03-03,377.61,cancelled,1
5,173,1,2025-10-16,322.86,cancelled,2
6,146,1,2025-04-04,370.2,completed,2
7,301,1,2025-01-10,363.7,completed,2
8,412,1,2025-09-13,349.79,completed,3
9,331,1,2025-09-22,188.4,completed,2
10,486,1,2025-10-14,68.14,cancelled,1
11,436,1,2025-09-28,181.4,cancelled,3
12,354,1,2025-07-15,287.52,completed,2
13,386,1,2025-05-31,199.67,cancelled,3
14,250,1,2025-05-07,199.77,cancelled,3
15,451,1,2025-05-10,389.66,completed,3
16,370,1,2025-06-11,353.95,completed,3
17,253,1,2025-06-05,489.99,cancelled,1
18,164,1,2025-06-02,343.55,cancelled,3
19,414,1,2025-09-02,328.26,cancelled,2
20,301,1,2025-10-09,357.71,cancelled,1
21,146,1,2025-05-18,203.05,completed,1
22,419,1,2025-09-20,281.35,cancelled,2
23,148,1,2025-02-26,61.0,cancelled,1
24,305,1,2025-06-01,69.8,cancelled,2
25,178,1,2025-06-12,361.96,cancelled,3
26,322,1,2025-03-13,386.66,completed,1
27,56,1,2025-08-07,58.94,completed,2
28,389,1,2025-03-05,413.38,completed,2
29,433,1,2025-06-18,300.49,cancelled,1
30,104,1,2025-08-21,295.07,completed,3
31,325,1,2025-09-24,315.9,cancelled,3
32,474,1,2025-09-23,332.44,completed,1
33,237,1,2025-05-09,454.53,cancelled,2
34,490,1,2025-03-20,240.31,cancelled,2
35,164,1,2025-03-01,479.23,completed,2
36,409,1,2025-07-12,290.07,cancelled,1
37,86,1,2025-08-11,338.98,completed,2
38,235,1,2025-03-11,371.19,cancelled,3
39,31,1,2025-09-16,248.14,completed,3
40,82,1,2025-06-30,264.99,cancelled,2
41,449,1,2025-09-15,93.5,cancelled,3
42,119,1,2025-08-31,405.93,completed,1
43,212,1,2025-09-21,303.06,completed,3
44,375,1,2025-04-28,171.22,cancelled,2
45,80,1,2025-06-30,151.51,cancelled,3
46,137,1,2025-05-23,336.96,cancelled,1
47,138,1,2025-07-27,121.25,completed,1
48,38,1,2025-05-05,135.48,completed,2
49,379,1,2025-03-18,398.03,completed,2
50,128,1,2025-05-09,169.64,cancelled,1
51,237,1,2025-04-13,371.57,completed,3
52,363,1,2025-10-15,424.19,cancelled,1
53,234,1,2025-02-08,273.19,cancelled,2
54,204,1,2025-03-11,101.93,cancelled,1
55,416,1,2025-08-03,148.84,completed,2
56,32,1,2025-07-21,227.2,completed,2
57,125,1,2025-03-06,454.62,cancelled,2
58,233,1,2025-05-29,435.49,completed,3
59,70,1,2025-05-17,466.26,cancelled,3
60,329,1,2025-08-12,212.8,completed,3
61,330,1,2025-01-28,241.49,cancelled,3
62,129,1,2025-05-23,281.36,completed,2
63,82,1,2025-03-26,58.79,cancelled,2
64,432,1,2025-08-07,94.22,cancelled,3
65,172,1,2025-07-08,364.0,completed,1
66,146,1,2025-09-03,446.82,cancelled,2
67,255,1,2025-02-23,80.87,completed,3
68,228,1,2025-10-13,221.21,cancelled,3
69,303,1,2025-05-17,119.57,cancelled,2
70,478,1,2025-07-22,98.87,cancelled,2
71,113,1,2025-08-31,179.58,completed,3
72,257,1,2025-01-10,278.73,completed,3
73,87,1,2025-05-31,52.33,cancelled,2
74,300,1,2025-09-02,144.87,completed,3
75,417,1,2025-03-08,424.1,completed,1
76,152,1,2025-10-04,372.55,completed,1
77,266,1,2025-08-04,388.63,cancelled,1
78,311,1,2025-05-29,158.27,cancelled,1
79,458,1,2025-01-20,146.47,completed,2
80,223,1,2025-05-07,253.33,completed,3
81,387,1,2025-07-19,226.85,cancelled,3
82,435,1,2025-03-03,372.96,cancelled,3
83,56,1,2025-02-04,317.19,cancelled,2
84,273,1,2025-03-24,467.7,completed,2
85,195,1,2025-01-04,454.56,completed,1
86,488,1,2025-07-01,75.58,completed,3
87,42,1,2025-01-29,395.41,completed,3
88,189,1,2025-10-12,52.41,completed,2
89,443,1,2025-03-07,58.83,completed,2
90,49,1,2025-09-14,441.7,completed,2
91,215,1,2025-08-28,470.22,cancelled,3
92,192,1,2025-10-05,68.22,completed,3
93,242,1,2025-03-19,112.0,completed,2
94,427,1,2025-03-03,307.87,completed,2
95,316,1,2025-08-05,51.89,completed,1
96,480,1,2025-07-11,88.6,cancelled,3
97,281,1,2025-02-04,179.03,cancelled,2
98,57,1,2025-02-28,447.85,completed,2
99,87,1,2025-05-03,490.33,cancelled,1
100,333,1,2025-03-14,243.82,completed,2
101,435,1,2025-05-01,340.31,cancelled,2
102,116,1,2025-03-18,467.21,cancelled,3
103,2,1,2025-06-03,54.33,cancelled,2
104,26,1,2025-05-17,447.01,completed,1
105,419,1,2025-07-26,405.08,cancelled,1
106,107,1,2025-06-30,320.72,cancelled,3
107,94,1,2025-04-15,209.93,cancelled,1
108,443,1,2025-07-18,287.65,completed,2
109,278,1,2025-01-23,467.05,cancelled,3
110,270,1,2025-06-29,338.86,completed,2
111,383,1,2025-09-19,299.13,cancelled,1
112,163,1,2025-01-02,466.28,completed,2
113,18,1,2025-02-19,65.74,cancelled,3
114,90,1,2025-07-24,84.42,cancelled,1
115,397,1,2025-03-27,461.43,completed,3
116,422,1,2025-08-21,460.29,completed,1
117,338,1,2025-06-15,187.12,completed,1
118,65,1,2025-04-27,218.27,cancelled,2
119,189,1,2025-02-18,152.62,completed,2
120,3,1,2025-03-04,282.62,cancelled,1
121,198,1,2025-03-13,255.51,cancelled,2
122,90,1,2025-08-20,397.75,cancelled,2
123,363,1,2025-05-23,59.73,cancelled,1
124,268,1,2025-09-14,199.93,completed,2
125,344,1,2025-07-03,405.22,completed,1
126,199,1,2025-01-26,180.43,completed,1
127,327,1,2025-08-13,92.86,completed,1
128,487,1,2025-02-21,153.7,completed,1
129,292,1,2025-03-02,118.42,completed,1
130,285,1,2025-10-15,484.01,completed,1
131,354,1,2025-06-23,223.71,completed,3
132,400,1,2025-06-07,240.58,cancelled,2
133,191,1,2025-08-16,414.09,completed,2
134,461,1,2025-02-10,329.38,cancelled,3
135,334,1,2025-07-03,128.6,completed,1
136,8,1,2025-05-12,220.88,completed,1
137,48,1,2025-01-21,160.46,cancelled,3
138,126,1,2025-02-04,142.99,cancelled,1
139,256,1,2025-01-22,258.63,cancelled,1
140,89,1,2025-05-13,469.78,completed,2
141,204,1,2025-04-03,168.58,cancelled,1
142,387,1,2025-10-09,285.28,cancelled,2
143,77,1,2025-04-05,411.61,completed,3
144,13,1,2025-06-03,155.34,completed,2
145,346,1,2025-01-20,127.86,cancelled,1
146,424,1,2025-09-06,286.96,cancelled,2
147,37,1,2025-03-06,280.18,cancelled,2
148,316,1,2025-05-07,250.31,cancelled,2
149,13,1,2025-03-14,240.62,completed,2
150,2,1,2025-06-24,295.03,cancelled,1
151,18,1,2025-02-27,342.89,completed,3
152,6,1,2025-02-27,378.55,cancelled,2
153,424,1,2025-01-12,216.65,cancelled,2
154,488,1,2025-02-22,332.78,cancelled,3
155,54,1,2025-06-04,371.44,completed,3
156,193,1,2025-08-28,244.87,completed,3
157,283,1,2025-08-14,138.69,cancelled,3
158,175,1,2025-04-02,145.86,cancelled,1
159,374,1,2025-05-10,418.81,cancelled,3
160,281,1,2025-02-09,131.64,cancelled,1
161,195,1,2025-01-29,111.29,completed,1
162,141,1,2025-09-10,310.72,completed,2
163,10,1,2025-05-01,256.52,cancelled,1
164,440,1,2025-06-19,70.38,completed,2
165,30,1,2025-07-14,177.35,completed,1
166,307,1,2025-07-23,190.78,completed,1
167,240,1,2025-03-20,413.65,cancelled,3
168,349,1,2025-07-01,420.47,completed,2
169,301,1,2025-09-05,144.37,cancelled,1
170,129,1,2025-04-12,59.61,completed,2
171,369,1,2025-10-16,351.57,completed,3
172,171,1,2025-08-06,147.56,completed,1
173,431,1,2025-09-05,120.42,completed,2
174,345,1,2025-08-05,381.13,completed,1
175,127,1,2025-01-22,217.04,cancelled,1
176,468,1,2025-09-26,474.5,completed,2
177,46,1,2025-05-23,176.06,completed,1
178,60,1,2025-10-12,220.41,cancelled,1
179,216,1,2025-02-16,244.61,cancelled,1
180,41,1,2025-07-23,476.25,completed,3
181,251,1,2025-08-12,262.06,cancelled,2
182,132,1,2025-02-02,69.76,cancelled,2
183,192,1,2025-03-21,252.09,completed,1
184,13,1,2025-05-04,161.3,completed,3
185,199,1,2025-06-15,489.86,completed,3
186,16,1,2025-07-26,266.01,completed,3
187,265,1,2025-02-17,445.13,completed,1
188,469,1,2025-01-15,70.25,cancelled,3
189,66,1,2025-03-30,138.02,completed,1
190,417,1,2025-07-07,143.79,cancelled,3
191,5,1,2025-08-14,193.72,cancelled,3
192,477,1,2025-01-17,411.03,cancelled,3
193,466,1,2025-01-29,455.11,cancelled,1
194,489,1,2025-07-15,475.45,completed,2
195,43,1,2025-09-15,106.15,cancelled,2
196,360,1,2025-06-02,279.24,cancelled,2
197,188,1,2025-06-18,155.12,completed,1
198,38,1,2025-09-20,179.6,cancelled,3
199,387,1,2025-07-22,343.49,completed,2
200,466,1,2025-10-18,113.14,cancelled,1
201,352,1,2025-08-22,264.65,completed,3
202,95,1,2025-06-10,177.41,cancelled,3
203,70,1,2025-05-24,265.77,completed,3
204,325,1,2025-03-30,496.61,completed,3
205,111,1,2025-02-10,410.74,cancelled,3
206,146,1,2025-06-23,407.49,completed,1
207,411,1,2025-02-27,134.31,cancelled,3
208,477,1,2025-07-06,95.53,cancelled,3
209,353,1,2025-03-31,290.22,completed,3
210,124,1,2025-10-13,147.83,cancelled,2
211,169,1,2025-04-02,497.27,cancelled,2
212,46,1,2025-02-11,66.82,cancelled,3
213,382,1,2025-03-14,253.03,cancelled,1
214,23,1,2025-03-30,363.06,cancelled,2
215,263,1,2025-03-19,367.52,completed,1
216,479,1,2025-06-25,366.73,cancelled,2
217,210,1,2025-05-11,407.66,cancelled,2
218,266,1,2025-10-13,137.42,completed,3
219,386,1,2025-09-17,92.47,completed,3
220,272,1,2025-09-04,88.97,cancelled,1
221,123,1,2025-10-11,201.7,completed,3
222,350,1,2025-01-18,188.69,completed,1
223,449,1,2025-03-28,315.69,completed,1
224,79,1,2025-04-27,267.21,completed,2
225,290,1,2025-07-31,454.49,cancelled,3
226,38,1,2025-03-02,187.21,cancelled,2
227,258,1,2025-05-01,408.94,completed,2
228,107,1,2025-06-19,356.99,completed,1
229,101,1,2025-01-04,243.6,cancelled,2
230,272,1,2025-07-09,235.69,cancelled,2
231,138,1,2025-07-14,439.75,cancelled,1
232,87,1,2025-01-13,54.63,completed,3
233,495,1,2025-03-16,256.24,cancelled,1
234,39,1,2025-09-05,106.99,cancelled,2
235,133,1,2025-07-05,162.92,cancelled,1
236,477,1,2025-09-05,411.47,completed,2
237,235,1,2025-02-03,377.18,cancelled,3
238,30,1,2025-02-12,173.64,cancelled,2
239,370,1,2025-08-07,207.55,cancelled,2
240,439,1,2025-06-24,154.49,completed,2
241,124,1,2025-04-06,378.81,completed,3
242,163,1,2025-08-04,106.73,cancelled,3
243,219,1,2025-07-10,327.35,completed,3
244,422,1,2025-04-26,496.74,cancelled,2
245,83,1,2025-10-18,493.01,completed,1
246,414,1,2025-08-02,304.32,completed,1
247,270,1,2025-07-22,274.84,completed,1
248,1,1,2025-08-08,466.3,completed,3
249,466,1,2025-03-13,255.49,completed,2
250,138,1,2025-06-05,317.17,cancelled,3
251,480,1,2025-01-11,93.22,completed,3
252,44,1,2025-06-26,132.54,cancelled,1
253,229,1,2025-06-07,456.92,cancelled,3
254,144,1,2025-05-22,475.35,completed,2
255,391,1,2025-04-18,414.68,completed,2
256,123,1,2025-05-08,263.58,cancelled,1
257,108,1,2025-03-09,150.22,completed,1
258,493,1,2025-07-27,161.26,completed,1
259,187,1,2025-04-23,463.41,cancelled,1
260,240,1,2025-10-05,171.11,cancelled,3
261,94,1,2025-07-11,50.28,cancelled,2
262,292,1,2025-07-31,435.51,completed,3
263,361,1,2025-03-31,228.9,cancelled,3
264,222,1,2025-04-25,278.17,cancelled,1
265,211,1,2025-06-21,436.32,cancelled,3
266,419,1,2025-01-09,195.11,cancelled,1
267,375,1,2025-01-18,293.33,cancelled,1
268,457,1,2025-02-28,190.4,completed,2
269,386,1,2025-02-09,478.77,completed,2
270,345,1,2025-09-12,333.46,completed,2
271,15,1,2025-09-03,360.72,cancelled,1
272,388,1,2025-05-14,470.55,completed,2
273,228,1,2025-05-02,496.83,completed,1
274,411,1,2025-05-03,494.67,cancelled,3
275,439,1,2025-02-08,241.78,completed,2
276,52,1,2025-03-25,128.4,cancelled,2
277,76,1,2025-04-16,390.17,completed,2
278,205,1,2025-02-15,252.76,completed,2
279,213,1,2025-10-09,365.69,cancelled,2
280,391,1,2025-08-12,87.85,cancelled,2
281,391,1,2025-09-05,400.67,completed,1
282,8,1,2025-05-30,410.26,completed,2
283,103,1,2025-05-24,142.12,completed,1
284,490,1,2025-10-13,316.95,cancelled,3
285,100,1,2025-02-14,409.51,cancelled,1
286,76,1,2025-02-02,369.89,completed,1
287,381,1,2025-08-12,134.65,cancelled,2
288,262,1,2025-02-18,279.36,completed,2
289,432,1,2025-04-10,299.4,cancelled,3
290,56,1,2025-10-13,279.52,completed,1
291,382,1,2025-03-15,478.14,cancelled,1
292,155,1,2025-05-28,124.95,completed,1
293,92,1,2025-08-20,301.59,cancelled,1
294,366,1,2025-06-19,178.08,cancelled,3
295,6,1,2025-01-24,313.0,cancelled,2
296,292,1,2025-05-02,110.34,completed,1
297,288,1,2025-01-30,454.14,cancelled,3
298,223,1,2025-10-06,142.78,cancelled,1
299,103,1,2025-06-26,317.33,cancelled,2
300,314,1,2025-02-27,329.28,cancelled,2
301,319,1,2025-07-19,172.75,cancelled,1
302,317,1,2025-10-15,197.86,completed,2
303,84,1,2025-08-09,335.0,completed,2
304,301,1,2025-09-15,491.23,completed,2
305,72,1,2025-06-04,274.4,cancelled,2
306,486,1,2025-04-04,261.07,cancelled,2
307,143,1,2025-05-22,207.93,completed,1
308,304,1,2025-03-06,413.74,completed,3
309,90,1,2025-03-07,60.26,cancelled,3
310,360,1,2025-06-28,71.33,cancelled,1
311,282,1,2025-08-27,106.22,cancelled,2
312,96,1,2025-02-15,261.21,cancelled,2
313,304,1,2025-03-18,359.47,cancelled,2
314,293,1,2025-05-16,327.81,completed,2
315,459,1,2025-10-07,455.97,completed,2
316,23,1,2025-01-06,303.78,completed,2
317,74,1,2025-03-10,345.14,cancelled,1
318,358,1,2025-07-11,256.98,cancelled,2
319,203,1,2025-08-23,468.11,cancelled,3
320,323,1,2025-09-03,63.41,cancelled,1
321,437,1,2025-07-01,155.89,cancelled,2
322,100,1,2025-02-20,120.88,cancelled,1
323,206,1,2025-09-24,375.78,completed,2
324,441,1,2025-09-15,55.45,cancelled,2
325,141,1,2025-07-02,226.39,cancelled,3
326,397,1,2025-09-01,481.83,cancelled,2
327,394,1,2025-10-16,168.0,completed,1
328,310,1,2025-01-31,103.25,completed,1
329,305,1,2025-03-14,483.09,cancelled,3
330,185,1,2025-02-05,295.61,cancelled,2
331,184,1,2025-02-12,462.02,cancelled,2
332,47,1,2025-08-08,55.34,completed,3
333,92,1,2025-05-18,381.29,cancelled,2
334,222,1,2025-02-17,454.6,cancelled,1
335,374,1,2025-01-26,135.86,completed,1
336,494,1,2025-03-24,90.25,cancelled,1
337,265,1,2025-08-07,50.04,cancelled,1
338,249,1,2025-05-18,263.73,completed,2
339,340,1,2025-04-10,189.65,completed,3
340,137,1,2025-10-02,310.21,cancelled,3
341,373,1,2025-05-25,322.92,completed,2
342,16,1,2025-05-02,356.13,cancelled,3
343,33,1,2025-07-29,466.36,completed,2
344,447,1,2025-08-07,340.92,completed,1
345,451,1,2025-06-15,310.24,cancelled,3
346,130,1,2025-05-27,178.29,completed,3
347,166,1,2025-07-30,491.4,completed,3
348,417,1,2025-05-11,341.86,completed,1
349,424,1,2025-02-19,482.26,completed,1
350,77,1,2025-08-05,274.93,cancelled,3
351,18,1,2025-08-14,208.42,completed,2
352,369,1,2025-03-18,492.36,cancelled,3
353,300,1,2025-07-21,206.22,cancelled,1
354,7,1,2025-10-01,294.77,completed,1
355,207,1,2025-09-17,295.28,cancelled,2
356,472,1,2025-03-16,354.2,cancelled,1
357,245,1,2025-05-28,346.2,cancelled,1
358,213,1,2025-08-06,347.23,completed,1
359,156,1,2025-07-28,461.1,cancelled,1
360,321,1,2025-02-22,479.23,cancelled,1
361,31,1,2025-09-21,254.56,cancelled,3
362,127,1,2025-07-10,214.25,cancelled,2
363,339,1,2025-06-23,156.3,completed,3
364,72,1,2025-03-02,384.51,cancelled,1
365,280,1,2025-07-15,217.99,cancelled,2
366,423,1,2025-10-17,80.54,cancelled,2
367,275,1,2025-01-01,328.17,completed,2
368,462,1,2025-07-17,291.55,cancelled,1
369,281,1,2025-02-11,55.66,cancelled,2
370,359,1,2025-08-21,465.35,cancelled,2
371,10,1,2025-05-16,181.06,cancelled,2
372,261,1,2025-07-13,258.5,cancelled,2
373,201,1,2025-03-16,202.77,cancelled,1
374,174,1,2025-02-09,355.1,completed,2
375,416,1,2025-05-23,496.81,cancelled,1
376,157,1,2025-04-26,258.35,completed,1
377,117,1,2025-01-04,485.28,completed,3
378,272,1,2025-08-04,484.8,cancelled,2
379,500,1,2025-03-27,281.57,cancelled,1
380,57,1,2025-02-03,228.11,cancelled,3
381,328,1,2025-01-17,209.97,cancelled,1
382,489,1,2025-07-20,219.15,cancelled,2
383,490,1,2025-01-17,107.96,completed,3
384,181,1,2025-01-31,56.99,cancelled,3
385,193,1,2025-06-15,301.75,completed,1
386,321,1,2025-09-26,388.48,cancelled,3
387,35,1,2025-02-11,333.38,cancelled,2
388,429,1,2025-01-31,111.25,completed,3
389,225,1,2025-07-10,248.51,completed,2
390,290,1,2025-02-26,221.42,cancelled,1
391,135,1,2025-02-23,287.59,completed,3
392,155,1,2025-07-25,291.12,cancelled,2
393,214,1,2025-09-24,170.11,completed,2
394,422,1,2025-08-17,171.2,completed,3
395,403,1,2025-01-23,180.16,completed,1
396,301,1,2025-04-25,487.54,completed,3
397,282,1,2025-06-10,114.03,completed,3
398,354,1,2025-07-22,234.62,cancelled,2
399,205,1,2025-06-07,203.2,cancelled,1
400,110,1,2025-01-16,418.16,completed,3
401,82,1,2025-08-04,392.45,cancelled,1
402,28,1,2025-06-06,397.58,cancelled,1
403,403,1,2025-06-03,437.58,cancelled,3
404,377,1,2025-03-19,204.9,cancelled,2
405,154,1,2025-09-20,97.65,cancelled,3
406,287,1,2025-04-26,331.17,cancelled,1
407,431,1,2025-01-21,293.86,cancelled,1
408,246,1,2025-06-27,471.66,completed,1
409,468,1,2025-09-20,105.06,completed,1
410,354,1,2025-07-02,66.75,cancelled,3
411,411,1,2025-08-18,470.98,cancelled,1
412,117,1,2025-08-12,411.61,cancelled,3
413,492,1,2025-02-14,331.67,completed,2
414,321,1,2025-04-24,383.76,completed,1
415,42,1,2025-07-17,50.26,cancelled,3
416,160,1,2025-03-18,456.9,cancelled,3
417,478,1,2025-04-23,228.81,cancelled,1
418,67,1,2025-06-19,106.74,completed,3
419,309,1,2025-06-13,298.78,cancelled,2
420,33,1,2025-08-12,474.96,completed,3
421,328,1,2025-07-07,179.8,cancelled,1
422,315,1,2025-01-02,440.17,completed,3
423,426,1,2025-04-29,193.3,completed,1
424,398,1,2025-07-29,283.06,completed,3
425,305,1,2025-03-05,251.7,completed,1
426,237,1,2025-02-13,355.01,completed,2
427,189,1,2025-05-25,470.27,cancelled,3
428,113,1,2025-06-05,184.21,cancelled,3
429,267,1,2025-02-25,164.42,completed,2
430,53,1,2025-06-29,140.33,cancelled,2
431,419,1,2025-05-30,385.65,cancelled,2
432,121,1,2025-05-28,76.49,cancelled,3
433,290,1,2025-04-02,66.48,cancelled,2
434,300,1,2025-08-05,148.41,completed,1
435,214,1,2025-03-11,199.66,cancelled,1
436,24,1,2025-04-18,197.14,cancelled,3
437,361,1,2025-10-09,222.92,completed,2
438,35,1,2025-06-22,298.76,completed,3
439,146,1,2025-07-19,304.74,completed,3
440,255,1,2025-05-15,469.15,completed,2
441,355,1,2025-02-04,63.27,completed,3
442,397,1,2025-01-27,56.73,cancelled,2
443,137,1,2025-08-18,476.65,cancelled,3
444,387,1,2025-05-30,425.92,completed,2
445,41,1,2025-04-09,446.45,completed,1
446,151,1,2025-02-16,400.7,cancelled,2
447,219,1,2025-10-09,465.29,cancelled,2
448,312,1,2025-04-22,197.79,completed,2
449,374,1,2025-09-10,58.62,cancelled,2
450,83,1,2025-10-10,338.07,completed,1
451,90,1,2025-05-17,418.0,cancelled,3
452,257,1,2025-06-19,382.56,cancelled,3
453,289,1,2025-02-16,308.33,cancelled,2
454,309,1,2025-10-16,57.3,cancelled,1
455,154,1,2025-06-17,246.19,cancelled,1
456,351,1,2025-07-13,417.84,cancelled,3
457,384,1,2025-06-21,141.08,completed,3
458,434,1,2025-01-22,91.56,completed,3
459,369,1,2025-01-20,336.1,completed,1
460,386,1,2025-01-31,128.82,cancelled,1
461,280,1,2025-07-23,251.58,cancelled,2
462,445,1,2025-07-08,159.83,cancelled,3
463,156,1,2025-01-06,334.69,cancelled,2
464,387,1,2025-02-06,333.07,cancelled,2
465,137,1,2025-04-22,172.34,completed,2
466,111,1,2025-09-05,311.71,completed,3
467,191,1,2025-02-21,474.88,completed,3
468,437,1,2025-05-30,320.05,cancelled,3
469,243,1,2025-01-30,72.05,cancelled,1
470,388,1,2025-04-16,127.91,cancelled,3
471,132,1,2025-02-18,171.85,cancelled,1
472,389,1,2025-09-12,151.44,completed,2
473,91,1,2025-05-12,463.46,completed,2
474,33,1,2025-09-29,427.18,cancelled,3
475,300,1,2025-06-29,87.26,completed,3
476,316,1,2025-06-29,61.14,completed,1
477,422,1,2025-01-04,409.14,completed,1
478,343,1,2025-03-14,113.92,completed,2
479,263,1,2025-04-22,410.99,cancelled,1
480,445,1,2025-06-16,441.06,completed,1
481,51,1,2025-05-09,151.89,completed,2
482,261,1,2025-07-08,287.93,cancelled,3
483,197,1,2025-08-02,59.89,cancelled,1
484,388,1,2025-06-13,311.06,cancelled,1
485,57,1,2025-09-08,89.51,cancelled,2
486,71,1,2025-02-20,356.35,cancelled,2
487,253,1,2025-08-26,205.84,cancelled,2
488,418,1,2025-09-18,243.99,cancelled,1
489,300,1,2025-05-11,348.15,completed,2
490,78,1,2025-06-12,259.0,completed,2
491,403,1,2025-09-05,63.94,cancelled,2
492,144,1,2025-01-27,109.27,completed,2
493,25,1,2025-10-16,177.71,cancelled,2
494,1,1,2025-06-12,184.38,cancelled,3
495,295,1,2025-06-10,381.35,cancelled,1
496,268,1,2025-01-12,438.26,completed,1
497,474,1,2025-04-05,398.14,cancelled,3
498,407,1,2025-01-05,406.58,completed,1
499,228,1,2025-05-31,498.0,cancelled,3
500,278,1,2025-03-13,360.09,cancelled,3
501,188,1,2025-10-18,350.19,completed,3
502,24,1,2025-04-03,182.49,cancelled,3
503,436,1,2025-07-14,69.59,completed,1
504,290,1,2025-04-17,83.8,completed,3
505,407,1,2025-09-12,435.88,cancelled,1
506,158,1,2025-06-19,147.71,completed,1
507,298,1,2025-07-13,92.82,cancelled,2
508,109,1,2025-02-25,362.26,cancelled,1
509,454,1,2025-05-25,208.89,cancelled,1
510,208,1,2025-04-26,198.89,cancelled,3
511,233,1,2025-06-10,445.95,cancelled,2
512,331,1,2025-07-21,202.4,cancelled,3
513,427,1,2025-07-26,279.66,cancelled,3
514,272,1,2025-02-11,138.57,cancelled,3
515,304,1,2025-04-19,283.86,completed,1
516,18,1,2025-03-05,354.91,completed,2
517,248,1,2025-03-09,288.04,completed,3
518,247,1,2025-07-05,57.57,cancelled,3
519,216,1,2025-04-18,166.07,completed,2
520,348,1,2025-09-01,81.14,completed,3
521,347,1,2025-07-22,338.33,completed,1
522,485,1,2025-07-12,317.55,completed,1
523,323,1,2025-03-25,159.95,completed,2
524,283,1,2025-02-28,205.32,completed,1
525,137,1,2025-03-14,448.45,completed,1
526,165,1,2025-07-24,429.17,cancelled,3
527,394,1,2025-09-25,436.99,cancelled,3
528,484,1,2025-04-21,468.48,completed,1
529,301,1,2025-04-10,191.94,cancelled,1
530,450,1,2025-07-08,340.37,cancelled,1
531,339,1,2025-05-21,233.05,completed,3
532,486,1,2025-08-18,341.01,cancelled,1
533,60,1,2025-02-02,278.55,cancelled,2
534,202,1,2025-10-09,188.87,cancelled,1
535,99,1,2025-07-01,436.49,completed,2
536,360,1,2025-02-05,322.06,completed,2
537,232,1,2025-02-06,106.5,cancelled,3
538,224,1,2025-05-14,91.07,cancelled,3
539,268,1,2025-03-04,307.68,completed,1
540,134,1,2025-05-26,393.1,completed,3
541,1,1,2025-04-19,105.04,completed,2
542,295,1,2025-09-24,259.81,completed,1
543,164,1,2025-09-20,187.63,cancelled,1
544,52,1,2025-01-23,148.54,cancelled,1
545,499,1,2025-07-29,322.26,completed,1
546,381,1,2025-01-01,317.38,completed,3
547,148,1,2025-07-10,431.21,cancelled,2
548,240,1,2025-05-20,84.82,cancelled,1
549,357,1,2025-05-17,214.42,completed,2
550,372,1,2025-03-03,116.16,cancelled,1
551,260,1,2025-05-01,70.88,completed,1
552,33,1,2025-04-26,419.14,cancelled,3
553,23,1,2025-04-14,437.89,completed,3
554,367,1,2025-04-01,359.9,completed,3
555,236,1,2025-02-06,96.27,completed,1
556,229,1,2025-05-28,269.09,cancelled,1
557,238,1,2025-02-23,80.28,cancelled,2
558,54,1,2025-01-12,185.25,completed,3
559,247,1,2025-04-23,195.63,cancelled,3
560,256,1,2025-01-25,152.77,completed,2
561,132,1,2025-07-11,265.31,cancelled,2
562,422,1,2025-05-07,498.2,cancelled,1
563,193,1,2025-01-17,88.65,cancelled,1
564,233,1,2025-01-06,356.04,cancelled,1
565,54,1,2025-09-12,305.9,completed,1
566,68,1,2025-09-24,153.48,completed,3
567,44,1,2025-04-23,496.18,cancelled,2
568,33,1,2025-08-08,499.39,completed,2
569,90,1,2025-03-08,402.57,cancelled,2
570,434,1,2025-05-29,338.78,cancelled,3
571,332,1,2025-01-15,259.64,cancelled,1
572,28,1,2025-04-28,339.1,cancelled,3
573,187,1,2025-08-02,391.98,cancelled,3
574,227,1,2025-03-12,444.28,completed,1
575,56,1,2025-09-25,70.75,cancelled,1
576,326,1,2025-06-01,101.36,cancelled,3
577,62,1,2025-01-29,457.53,completed,2
578,447,1,2025-05-16,66.56,completed,3
579,34,1,2025-02-01,61.43,cancelled,3
580,254,1,2025-07-08,306.47,cancelled,1
581,349,1,2025-02-07,205.5,completed,1
582,143,1,2025-04-13,59.15,cancelled,2
583,243,1,2025-03-13,100.68,completed,3
584,95,1,2025-09-30,204.78,completed,3
585,335,1,2025-03-16,368.41,completed,2
586,10,1,2025-05-21,185.75,cancelled,3
587,377,1,2025-07-12,397.48,cancelled,2
588,137,1,2025-05-17,231.52,completed,2
589,247,1,2025-08-18,252.45,cancelled,3
590,308,1,2025-09-15,327.38,cancelled,2
591,58,1,2025-01-17,491.87,completed,2
592,56,1,2025-03-15,347.44,cancelled,2
593,116,1,2025-05-23,449.97,completed,3
594,450,1,2025-09-16,292.83,cancelled,1
595,102,1,2025-08-02,279.36,cancelled,2
596,362,1,2025-05-06,182.55,completed,3
597,266,1,2025-07-08,267.36,cancelled,2
598,41,1,2025-04-23,185.72,cancelled,1
599,427,1,2025-03-22,156.25,cancelled,2
600,25,1,2025-08-02,155.82,cancelled,3
601,56,1,2025-05-29,179.29,cancelled,1
602,207,1,2025-09-28,439.4,completed,1
603,124,1,2025-04-25,443.01,cancelled,2
604,368,1,2025-04-02,144.2,completed,3
605,93,1,2025-02-17,380.59,completed,2
606,113,1,2025-07-17,148.99,cancelled,2
607,109,1,2025-08-31,140.64,cancelled,2
608,483,1,2025-07-11,108.93,completed,1
609,128,1,2025-09-09,64.71,completed,1
610,196,1,2025-05-31,362.41,cancelled,1
611,36,1,2025-06-25,179.81,cancelled,2
612,451,1,2025-07-15,52.83,completed,2
613,66,1,2025-07-16,420.66,completed,3
614,487,1,2025-04-20,328.45,completed,2
615,226,1,2025-08-22,223.54,completed,2
616,163,1,2025-03-28,213.11,completed,3
617,197,1,2025-04-26,309.21,completed,2
618,440,1,2025-02-04,480.58,completed,2
619,276,1,2025-07-28,223.17,cancelled,2
620,452,1,2025-09-30,215.05,completed,1
621,418,1,2025-01-20,367.89,cancelled,2
622,301,1,2025-07-22,59.31,cancelled,2
623,380,1,2025-03-27,223.95,cancelled,3
624,433,1,2025-02-23,306.62,completed,1
625,492,1,2025-08-16,358.67,completed,3
626,439,1,2025-07-25,253.67,completed,1
627,29,1,2025-03-09,203.83,completed,3
628,483,1,2025-06-30,87.73,cancelled,2
629,207,1,2025-03-30,322.82,completed,1
630,64,1,2025-05-17,183.2,cancelled,3
631,129,1,2025-10-03,377.83,completed,2
632,390,1,2025-05-10,63.04,completed,3
633,154,1,2025-08-20,229.11,completed,2
634,382,1,2025-09-26,335.01,cancelled,3
635,438,1,2025-02-07,326.65,completed,3
636,450,1,2025-02-20,321.26,completed,1
637,290,1,2025-09-22,447.47,completed,2
638,47,1,2025-09-03,469.82,completed,1
639,450,1,2025-06-25,429.38,cancelled,2
640,114,1,2025-08-10,415.6,cancelled,1
641,38,1,2025-09-18,140.73,cancelled,3
642,44,1,2025-10-01,361.43,cancelled,2
643,8,1,2025-02-15,336.1,completed,1
644,339,1,2025-03-28,204.15,cancelled,3
645,322,1,2025-09-17,492.29,cancelled,3
646,384,1,2025-05-09,326.71,cancelled,2
647,353,1,2025-05-21,359.05,cancelled,3
648,498,1,2025-03-11,71.19,cancelled,3
649,262,1,2025-07-06,102.8,cancelled,3
650,457,1,2025-03-16,411.88,completed,2
651,279,1,2025-01-12,120.28,completed,2
652,21,1,2025-07-10,99.98,completed,1
653,123,1,2025-10-13,76.25,completed,1
654,246,1,2025-07-19,479.67,cancelled,1
655,87,1,2025-08-04,223.77,completed,1
656,212,1,2025-08-10,115.94,cancelled,3
657,444,1,2025-04-16,69.84,completed,1
658,50,1,2025-05-10,191.84,cancelled,3
659,350,1,2025-03-01,92.08,completed,3
660,10,1,2025-07-23,116.32,cancelled,1
661,408,1,2025-01-07,327.64,cancelled,1
662,296,1,2025-05-05,212.64,cancelled,2
663,162,1,2025-09-20,254.13,completed,2
664,450,1,2025-08-02,182.78,cancelled,3
665,288,1,2025-02-11,474.85,completed,2
666,21,1,2025-01-27,57.94,completed,1
667,248,1,2025-01-10,56.68,cancelled,2
668,64,1,2025-09-08,107.26,cancelled,3
669,67,1,2025-08-27,489.45,completed,3
670,113,1,2025-03-29,390.64,cancelled,2
671,269,1,2025-06-20,347.43,cancelled,2
672,116,1,2025-06-16,56.18,cancelled,3
673,492,1,2025-02-05,287.16,cancelled,3
674,93,1,2025-08-03,244.17,completed,2
675,201,1,2025-10-05,247.66,completed,2
676,37,1,2025-07-30,159.45,cancelled,1
677,376,1,2025-05-08,297.98,cancelled,2
678,333,1,2025-01-04,263.13,completed,2
679,291,1,2025-07-03,293.93,cancelled,2
680,113,1,2025-07-08,334.21,cancelled,1
681,298,1,2025-03-28,347.4,cancelled,3
682,142,1,2025-02-13,334.02,completed,1
683,492,1,2025-09-14,108.9,completed,3
684,157,1,2025-03-15,312.69,cancelled,1
685,452,1,2025-03-12,61.44,completed,3
686,480,1,2025-03-16,176.68,completed,3
687,453,1,2025-05-19,302.44,completed,2
688,172,1,2025-02-11,449.36,cancelled,2
689,295,1,2025-03-21,403.4,cancelled,3
690,272,1,2025-05-28,115.17,cancelled,1
691,268,1,2025-01-25,79.43,cancelled,3
692,467,1,2025-07-31,256.61,cancelled,1
693,469,1,2025-07-12,98.95,cancelled,1
694,222,1,2025-05-24,255.82,completed,2
695,181,1,2025-01-30,120.4,cancelled,3
696,429,1,2025-10-09,245.19,completed,2
697,494,1,2025-10-12,99.74,cancelled,2
698,270,1,2025-06-09,452.0,cancelled,1
699,325,1,2025-07-23,492.17,completed,1
700,493,1,2025-08-28,241.57,completed,2
701,312,1,2025-07-17,202.11,cancelled,1
702,198,1,2025-10-12,449.47,completed,3
703,88,1,2025-03-13,320.69,cancelled,3
704,20,1,2025-07-27,257.0,completed,3
705,178,1,2025-06-17,444.48,completed,1
706,472,1,2025-08-11,208.35,cancelled,2
707,382,1,2025-03-25,90.2,cancelled,2
708,255,1,2025-08-30,452.07,cancelled,3
709,59,1,2025-06-22,98.65,cancelled,3
710,45,1,2025-05-18,170.71,cancelled,2
711,377,1,2025-07-02,128.59,cancelled,2
712,33,1,2025-02-08,464.73,completed,1
713,79,1,2025-10-15,322.94,cancelled,1
714,233,1,2025-07-11,122.24,completed,2
715,285,1,2025-09-18,225.41,cancelled,2
716,494,1,2025-02-19,390.69,cancelled,2
717,239,1,2025-09-22,403.08,completed,3
718,95,1,2025-05-06,366.03,cancelled,2
719,191,1,2025-06-19,329.99,completed,3
720,318,1,2025-02-03,57.17,completed,2
721,305,1,2025-05-20,117.83,cancelled,3
722,275,1,2025-06-12,329.37,cancelled,3
723,97,1,2025-04-23,454.15,cancelled,2
724,70,1,2025-07-10,155.96,cancelled,1
725,80,1,2025-01-14,351.33,cancelled,3
726,453,1,2025-09-26,306.7,completed,3
727,216,1,2025-03-24,217.25,cancelled,1
728,308,1,2025-06-18,349.12,cancelled,1
729,465,1,2025-07-25,69.99,cancelled,2
730,132,1,2025-09-07,209.32,completed,2
731,105,1,2025-03-17,365.01,completed,1
732,57,1,2025-09-23,102.51,completed,2
733,200,1,2025-02-16,491.36,cancelled,2
734,157,1,2025-01-09,94.98,completed,3
735,356,1,2025-05-31,119.61,cancelled,2
736,58,1,2025-10-11,484.82,completed,1
737,65,1,2025-01-04,479.55,completed,2
738,426,1,2025-02-19,165.3,completed,2
739,422,1,2025-07-31,221.25,completed,1
740,87,1,2025-07-09,170.89,completed,3
741,462,1,2025-08-28,187.02,cancelled,1
742,147,1,2025-07-03,176.46,completed,2
743,463,1,2025-06-11,64.91,completed,1
744,474,1,2025-08-30,403.11,completed,2
745,312,1,2025-02-06,96.99,completed,2
746,435,1,2025-01-29,105.5,cancelled,2
747,344,1,2025-10-03,345.6,cancelled,3
748,276,1,2025-03-16,199.02,completed,1
749,463,1,2025-09-23,344.46,cancelled,3
750,81,1,2025-04-01,441.14,completed,1
751,390,1,2025-04-30,254.68,completed,1
752,46,1,2025-05-20,365.05,completed,3
753,103,1,2025-05-23,131.88,completed,3
754,430,1,2025-08-27,304.73,cancelled,3
755,255,1,2025-05-31,460.06,cancelled,1
756,449,1,2025-03-26,235.11,completed,3
757,73,1,2025-08-04,126.27,cancelled,3
758,424,1,2025-03-13,79.02,cancelled,3
759,444,1,2025-07-11,81.81,completed,1
760,450,1,2025-09-04,330.25,completed,1
761,457,1,2025-05-26,263.8,cancelled,2
762,66,1,2025-02-17,337.12,completed,2
763,294,1,2025-03-26,396.54,cancelled,2
764,265,1,2025-07-28,476.59,cancelled,1
765,163,1,2025-01-15,350.62,cancelled,1
766,13,1,2025-02-07,482.64,completed,1
767,305,1,2025-06-05,236.85,cancelled,1
768,402,1,2025-06-03,380.63,cancelled,3
769,286,1,2025-10-10,235.91,completed,1
770,430,1,2025-07-16,421.03,completed,1
771,115,1,2025-02-26,412.48,completed,2
772,438,1,2025-02-19,255.93,cancelled,2
773,237,1,2025-01-18,99.36,cancelled,3
774,474,1,2025-06-03,335.34,completed,1
775,344,1,2025-06-26,422.16,completed,2
776,463,1,2025-01-03,468.46,cancelled,2
777,220,1,2025-01-20,179.25,completed,2
778,345,1,2025-01-18,123.15,completed,3
779,419,1,2025-10-15,425.7,cancelled,1
780,493,1,2025-03-14,257.43,completed,3
781,461,1,2025-06-12,67.69,cancelled,3
782,209,1,2025-08-14,479.4,completed,3
783,359,1,2025-08-09,380.19,completed,3
784,200,1,2025-05-12,210.33,cancelled,3
785,301,1,2025-10-14,51.86,cancelled,2
786,184,1,2025-06-19,394.58,cancelled,1
787,168,1,2025-05-07,401.39,cancelled,1
788,469,1,2025-08-14,116.81,completed,1
789,119,1,2025-10-09,230.49,completed,3
790,289,1,2025-08-16,485.42,completed,1
791,456,1,2025-06-11,228.0,cancelled,1
792,485,1,2025-04-02,78.62,cancelled,1
793,120,1,2025-10-09,418.96,completed,1
794,142,1,2025-05-16,266.06,completed,3
795,33,1,2025-09-01,94.38,completed,1
796,239,1,2025-04-15,118.08,completed,3
797,408,1,2025-01-31,433.24,completed,2
798,500,1,2025-05-05,384.84,cancelled,1
799,383,1,2025-04-07,244.02,completed,2
800,98,1,2025-03-01,457.21,cancelled,1
801,344,1,2025-05-04,396.63,completed,2
802,179,1,2025-02-07,393.3,cancelled,2
803,314,1,2025-09-18,93.56,cancelled,2
804,60,1,2025-01-22,243.34,cancelled,3
805,296,1,2025-04-22,421.51,completed,2
806,152,1,2025-04-09,290.9,cancelled,2
807,38,1,2025-06-17,54.96,completed,1
808,327,1,2025-02-09,318.38,completed,1
809,193,1,2025-02-25,250.22,cancelled,2
810,148,1,2025-04-28,338.68,cancelled,1
811,366,1,2025-06-05,282.18,cancelled,2
812,278,1,2025-05-04,181.64,completed,1
813,264,1,2025-04-10,190.48,cancelled,3
814,219,1,2025-02-13,116.83,cancelled,1
815,487,1,2025-08-10,279.49,cancelled,2
816,265,1,2025-08-22,190.22,cancelled,1
817,21,1,2025-10-02,224.54,completed,2
818,392,1,2025-02-28,331.85,cancelled,2
819,283,1,2025-07-14,108.28,completed,1
820,313,1,2025-07-07,362.6,completed,3
821,170,1,2025-02-05,148.21,completed,3
822,225,1,2025-10-18,296.28,completed,2
823,496,1,2025-07-27,199.96,completed,2
824,141,1,2025-07-02,90.45,cancelled,3
825,157,1,2025-09-20,182.18,completed,1
826,488,1,2025-09-25,317.1,completed,1
827,90,1,2025-07-02,135.01,completed,3
828,437,1,2025-06-01,343.5,completed,1
829,247,1,2025-05-06,241.92,cancelled,1
830,51,1,2025-01-15,477.11,completed,1
831,435,1,2025-04-01,314.05,cancelled,1
832,390,1,2025-07-13,352.96,cancelled,2
833,251,1,2025-06-25,136.04,cancelled,3
834,337,1,2025-02-01,144.08,completed,2
835,384,1,2025-06-26,487.45,cancelled,2
836,320,1,2025-08-12,228.39,completed,1
837,170,1,2025-05-15,50.05,completed,2
838,444,1,2025-01-10,203.95,cancelled,3
839,169,1,2025-02-08,234.98,cancelled,3
840,212,1,2025-03-26,484.79,completed,1
841,224,1,2025-07-29,164.75,cancelled,3
842,479,1,2025-01-16,489.31,completed,1
843,211,1,2025-10-15,354.98,cancelled,1
844,96,1,2025-04-13,456.67,cancelled,3
845,202,1,2025-01-07,268.42,cancelled,1
846,394,1,2025-06-23,200.12,cancelled,2
847,274,1,2025-03-27,326.58,cancelled,1
848,326,1,2025-04-18,399.66,cancelled,1
849,153,1,2025-10-06,85.24,cancelled,2
850,346,1,2025-06-03,344.15,completed,2
851,375,1,2025-04-12,329.92,completed,1
852,78,1,2025-05-26,181.67,cancelled,1
853,304,1,2025-09-28,296.5,cancelled,2
854,183,1,2025-08-05,314.12,cancelled,3
855,410,1,2025-09-19,200.19,cancelled,2
856,276,1,2025-09-27,235.48,cancelled,1
857,252,1,2025-06-28,74.59,cancelled,3
858,10,1,2025-04-29,464.85,completed,1
859,170,1,2025-06-14,162.57,cancelled,1
860,9,1,2025-02-12,65.21,completed,1
861,300,1,2025-07-26,414.9,cancelled,1
862,33,1,2025-09-11,481.06,cancelled,2
863,202,1,2025-04-24,59.13,completed,1
864,276,1,2025-02-22,304.08,cancelled,1
865,136,1,2025-07-30,372.67,cancelled,1
866,324,1,2025-02-06,387.12,completed,3
867,385,1,2025-05-13,297.51,cancelled,3
868,365,1,2025-01-22,227.41,cancelled,2
869,479,1,2025-09-18,80.43,completed,2
870,296,1,2025-09-11,381.81,completed,3
871,24,1,2025-06-03,396.96,completed,3
872,234,1,2025-06-04,348.48,cancelled,3
873,350,1,2025-03-02,450.49,cancelled,1
874,288,1,2025-09-01,245.28,cancelled,2
875,215,1,2025-06-13,372.88,cancelled,1
876,445,1,2025-02-19,263.32,cancelled,3
877,334,1,2025-08-17,52.98,completed,1
878,268,1,2025-08-03,109.44,cancelled,3
879,48,1,2025-02-26,190.94,completed,2
880,171,1,2025-06-07,229.6,cancelled,1
881,225,1,2025-04-15,333.78,cancelled,1
882,341,1,2025-10-02,138.65,cancelled,1
883,356,1,2025-09-27,150.4,cancelled,2
884,428,1,2025-01-08,331.04,completed,1
885,408,1,2025-06-05,287.71,cancelled,3
886,217,1,2025-05-20,232.3,completed,2
887,461,1,2025-05-04,179.47,cancelled,1
888,96,1,2025-09-04,149.0,completed,1
889,363,1,2025-06-26,105.38,cancelled,1
890,6,1,2025-09-09,260.5,completed,1
891,52,1,2025-03-12,259.14,completed,2
892,358,1,2025-02-07,165.9,completed,2
893,111,1,2025-10-14,169.21,cancelled,3
894,32,1,2025-04-13,109.07,completed,3
895,67,1,2025-02-07,177.87,completed,3
896,200,1,2025-07-27,319.19,cancelled,3
897,221,1,2025-01-01,407.38,completed,1
898,137,1,2025-07-06,484.99,completed,2
899,232,1,2025-08-07,86.81,completed,2
900,414,1,2025-06-04,392.13,completed,1
901,281,1,2025-09-02,337.38,completed,2
902,364,1,2025-08-20,348.32,cancelled,3
903,271,1,2025-06-24,493.73,cancelled,3
904,273,1,2025-09-19,67.26,completed,1
905,104,1,2025-01-31,413.42,completed,1
906,402,1,2025-02-16,394.34,completed,1
907,95,1,2025-05-10,492.49,completed,1
908,379,1,2025-02-13,60.56,completed,3
909,31,1,2025-03-20,394.54,cancelled,1
910,175,1,2025-03-14,160.13,completed,1
911,279,1,2025-05-14,281.77,cancelled,3
912,289,1,2025-04-06,118.66,completed,2
913,108,1,2025-01-20,417.48,cancelled,2
914,449,1,2025-03-04,197.82,cancelled,1
915,41,1,2025-03-13,436.46,cancelled,2
916,249,1,2025-01-20,70.94,completed,1
917,91,1,2025-07-19,193.83,cancelled,2
918,240,1,2025-03-13,328.61,cancelled,1
919,237,1,2025-02-04,307.0,cancelled,1
920,114,1,2025-09-16,248.58,cancelled,1
921,106,1,2025-04-17,139.5,completed,2
922,187,1,2025-03-15,407.15,completed,2
923,385,1,2025-04-23,220.0,completed,3
924,198,1,2025-06-07,345.24,completed,1
925,187,1,2025-08-30,180.63,cancelled,2
926,478,1,2025-10-07,223.9,cancelled,1
927,281,1,2025-07-21,324.3,cancelled,1
928,90,1,2025-03-09,220.44,completed,2
929,87,1,2025-05-05,320.3,cancelled,1
930,460,1,2025-02-05,467.25,completed,1
931,333,1,2025-08-24,421.42,cancelled,3
932,476,1,2025-06-16,271.24,completed,1
933,296,1,2025-01-28,109.6,cancelled,1
934,269,1,2025-03-27,290.91,cancelled,1
935,304,1,2025-03-26,175.04,completed,3
936,275,1,2025-10-14,177.14,cancelled,1
937,292,1,2025-04-19,180.51,cancelled,2
938,17,1,2025-04-15,440.27,completed,1
939,378,1,2025-09-23,82.0,completed,2
940,374,1,2025-04-26,79.53,cancelled,1
941,34,1,2025-04-23,270.42,cancelled,2
942,304,1,2025-01-06,471.3,cancelled,3
943,428,1,2025-01-20,347.99,completed,1
944,121,1,2025-08-27,299.23,completed,1
945,207,1,2025-10-02,51.44,cancelled,2
946,343,1,2025-04-16,366.65,cancelled,1
947,317,1,2025-06-05,115.38,completed,3
948,117,1,2025-02-07,277.3,completed,1
949,129,1,2025-03-03,390.68,completed,1
950,237,1,2025-03-02,432.69,completed,3
951,206,1,2025-09-19,148.12,cancelled,1
952,415,1,2025-02-25,180.71,cancelled,2
953,381,1,2025-05-14,173.05,cancelled,2
954,154,1,2025-06-27,137.77,cancelled,3
955,383,1,2025-10-09,429.36,completed,3
956,497,1,2025-03-03,469.26,completed,2
957,374,1,2025-05-29,442.18,cancelled,1
958,189,1,2025-01-16,126.67,completed,1
959,177,1,2025-09-18,436.03,cancelled,1
960,318,1,2025-06-12,347.19,cancelled,3
961,154,1,2025-02-01,112.75,completed,3
962,57,1,2025-07-19,377.41,completed,1
963,473,1,2025-08-31,61.36,cancelled,2
964,281,1,2025-05-05,245.8,cancelled,1
965,178,1,2025-09-02,255.55,completed,1
966,479,1,2025-06-17,441.78,cancelled,1
967,151,1,2025-08-09,432.84,completed,1
968,164,1,2025-01-29,206.14,cancelled,1
969,337,1,2025-02-12,303.26,completed,2
970,191,1,2025-09-28,363.54,cancelled,2
971,284,1,2025-09-24,365.64,completed,3
972,38,1,2025-02-15,109.22,completed,1
973,63,1,2025-07-23,103.87,completed,1
974,308,1,2025-04-23,236.21,completed,1
975,49,1,2025-05-08,330.25,completed,3
976,367,1,2025-10-12,362.07,completed,1
977,231,1,2025-05-05,483.08,cancelled,1
978,419,1,2025-08-11,136.97,completed,2
979,106,1,2025-01-22,402.39,completed,1
980,449,1,2025-03-13,95.99,completed,1
981,461,1,2025-05-07,485.46,completed,1
982,133,1,2025-03-14,383.32,completed,1
983,205,1,2025-02-13,279.19,cancelled,2
984,132,1,2025-07-31,110.49,completed,2
985,304,1,2025-03-05,340.79,completed,2
986,69,1,2025-05-29,292.96,completed,1
987,322,1,2025-05-16,231.58,cancelled,2
988,79,1,2025-05-21,201.78,cancelled,1
989,78,1,2025-06-23,244.99,cancelled,2
990,42,1,2025-04-26,195.51,cancelled,3
991,431,1,2025-08-12,304.27,cancelled,3
992,223,1,2025-01-29,416.92,completed,3
993,491,1,2025-05-08,72.63,cancelled,1
994,265,1,2025-06-20,388.49,completed,3
995,397,1,2025-06-07,65.91,cancelled,3
996,48,1,2025-05-07,491.67,cancelled,2
997,463,1,2025-05-14,118.2,completed,3
998,397,1,2025-03-20,221.61,cancelled,1
999,278,1,2025-05-26,291.77,completed,1
1000,21,1,2025-02-25,123.69,completed,2
1001,295,1,2025-08-06,289.17,cancelled,3
1002,367,1,2025-07-10,222.63,completed,1
1003,428,1,2025-06-28,71.26,completed,3
1004,469,1,2025-08-06,490.81,cancelled,2
1005,76,1,2025-01-18,443.87,cancelled,1
1006,326,1,2025-10-02,443.52,cancelled,2
1007,361,1,2025-06-18,125.75,cancelled,2
1008,27,1,2025-07-17,65.84,completed,1
1009,295,1,2025-03-13,305.83,completed,2
1010,151,1,2025-01-16,346.9,cancelled,3
1011,78,1,2025-03-03,258.87,cancelled,2
1012,274,1,2025-05-03,497.4,cancelled,1
1013,445,1,2025-05-22,356.83,completed,1
1014,450,1,2025-07-19,245.7,cancelled,1
1015,84,1,2025-04-08,358.69,completed,3
1016,143,1,2025-06-26,168.92,cancelled,2
1017,341,1,2025-09-03,253.17,completed,1
1018,138,1,2025-08-15,261.29,cancelled,1
1019,16,1,2025-08-12,305.53,cancelled,3
1020,80,1,2025-03-29,375.68,cancelled,3
1021,293,1,2025-09-04,237.37,cancelled,1
1022,344,1,2025-01-30,82.56,cancelled,2
1023,198,1,2025-03-25,350.63,cancelled,3
1024,123,1,2025-05-22,224.83,cancelled,2
1025,371,1,2025-01-15,346.81,completed,3
1026,71,1,2025-09-10,323.49,completed,3
1027,31,1,2025-04-30,115.93,cancelled,2
1028,88,1,2025-06-26,124.81,completed,3
1029,482,1,2025-01-19,78.06,cancelled,1
1030,454,1,2025-10-11,417.29,cancelled,1
1031,33,1,2025-08-08,487.78,completed,3
1032,247,1,2025-10-11,337.52,completed,3
1033,208,1,2025-02-02,85.11,cancelled,1
1034,494,1,2025-04-20,351.14,completed,1
1035,57,1,2025-05-27,269.6,completed,3
1036,412,1,2025-02-20,218.59,completed,1
1037,149,1,2025-04-15,94.07,completed,1
1038,265,1,2025-02-23,465.61,cancelled,3
1039,35,1,2025-07-16,223.69,cancelled,2
1040,131,1,2025-03-26,87.58,completed,3
1041,361,1,2025-10-13,143.74,cancelled,1
1042,496,1,2025-08-04,444.91,cancelled,3
1043,98,1,2025-06-23,102.73,completed,1
1044,69,1,2025-03-14,85.62,cancelled,3
1045,271,1,2025-09-29,109.1,cancelled,2
1046,420,1,2025-04-01,351.16,completed,2
1047,394,1,2025-08-21,389.83,cancelled,1
1048,400,1,2025-07-10,119.93,completed,2
1049,65,1,2025-06-01,102.31,completed,1
1050,219,1,2025-08-22,297.23,completed,3
1051,433,1,2025-08-03,65.74,completed,3
1052,387,1,2025-10-11,469.84,completed,3
1053,326,1,2025-02-17,465.25,cancelled,1
1054,481,1,2025-09-27,409.2,completed,2
1055,458,1,2025-08-20,107.69,cancelled,2
1056,239,1,2025-09-15,149.41,completed,3
1057,289,1,2025-05-31,419.02,cancelled,2
1058,71,1,2025-08-19,198.0,cancelled,1
1059,168,1,2025-05-31,152.8,completed,3
1060,383,1,2025-02-05,492.71,completed,3
1061,250,1,2025-07-30,58.67,completed,2
1062,303,1,2025-04-02,224.27,cancelled,3
1063,202,1,2025-07-18,184.88,completed,2
1064,97,1,2025-04-10,56.68,cancelled,3
1065,56,1,2025-08-19,177.25,cancelled,2
1066,339,1,2025-08-08,282.39,cancelled,1
1067,303,1,2025-04-02,281.57,completed,2
1068,409,1,2025-08-21,428.11,cancelled,2
1069,231,1,2025-01-10,321.86,completed,2
1070,488,1,2025-08-23,345.9,completed,1
1071,343,1,2025-09-21,350.24,cancelled,2
1072,318,1,2025-04-08,244.05,cancelled,3
1073,339,1,2025-07-07,178.39,completed,2
1074,395,1,2025-05-11,400.52,cancelled,3
1075,218,1,2025-08-30,197.4,cancelled,1
1076,130,1,2025-03-04,375.62,cancelled,3
1077,90,1,2025-07-21,416.48,cancelled,3
1078,75,1,2025-01-14,240.78,completed,2
1079,78,1,2025-05-13,306.58,completed,3
1080,40,1,2025-09-19,246.54,cancelled,2
1081,174,1,2025-05-14,54.0,completed,2
1082,332,1,2025-02-03,368.89,cancelled,1
1083,206,1,2025-03-10,360.71,cancelled,1
1084,11,1,2025-02-02,396.27,completed,2
1085,390,1,2025-01-07,136.65,cancelled,1
1086,86,1,2025-02-05,80.09,completed,3
1087,10,1,2025-10-11,326.18,cancelled,1
1088,347,1,2025-07-16,331.27,cancelled,2
1089,14,1,2025-02-26,114.37,cancelled,3
1090,183,1,2025-06-03,222.57,completed,1
1091,400,1,2025-03-12,461.01,completed,2
1092,287,1,2025-09-29,74.92,completed,1
1093,410,1,2025-08-13,296.07,cancelled,3
1094,107,1,2025-04-10,243.18,cancelled,1
1095,428,1,2025-03-23,298.84,cancelled,1
1096,105,1,2025-03-09,181.68,completed,1
1097,465,1,2025-07-05,385.84,completed,3
1098,488,1,2025-09-10,223.84,completed,1
1099,91,1,2025-04-20,177.07,cancelled,1
1100,426,1,2025-08-11,344.63,cancelled,1
1101,67,1,2025-02-18,122.55,completed,3
1102,115,1,2025-01-17,60.34,cancelled,2
1103,66,1,2025-09-14,294.51,cancelled,3
1104,298,1,2025-04-19,199.7,cancelled,1
1105,315,1,2025-09-25,146.45,cancelled,1
1106,453,1,2025-05-04,489.82,cancelled,3
1107,295,1,2025-06-18,115.75,cancelled,1
1108,205,1,2025-02-02,304.39,completed,3
1109,478,1,2025-04-24,455.78,completed,1
1110,414,1,2025-04-09,96.95,completed,1
1111,136,1,2025-05-06,200.99,completed,3
1112,225,1,2025-01-29,215.82,cancelled,2
1113,77,1,2025-02-14,331.03,completed,3
1114,270,1,2025-10-03,367.65,completed,3
1115,28,1,2025-08-01,96.19,cancelled,3
1116,472,1,2025-06-15,376.77,completed,3
1117,212,1,2025-04-16,487.41,cancelled,3
1118,456,1,2025-02-07,216.67,completed,3
1119,469,1,2025-08-10,186.22,completed,1
1120,377,1,2025-07-08,205.58,completed,1
1121,185,1,2025-03-08,416.62,cancelled,3
1122,160,1,2025-07-08,348.19,completed,1
1123,275,1,2025-05-21,242.22,completed,3
1124,229,1,2025-05-31,145.43,cancelled,1
1125,447,1,2025-05-26,132.89,completed,3
1126,294,1,2025-10-17,215.75,completed,1
1127,207,1,2025-09-01,268.59,completed,3
1128,156,1,2025-02-18,388.52,completed,1
1129,173,1,2025-02-17,192.96,cancelled,3
1130,17,1,2025-05-26,294.88,cancelled,2
1131,295,1,2025-06-22,217.32,cancelled,2
1132,253,1,2025-07-24,202.14,completed,3
1133,407,1,2025-03-23,118.79,cancelled,1
1134,363,1,2025-03-28,168.39,cancelled,2
1135,303,1,2025-09-18,447.55,completed,2
1136,314,1,2025-06-23,463.23,cancelled,1
1137,93,1,2025-02-16,167.39,cancelled,3
1138,306,1,2025-07-30,130.94,completed,2
1139,418,1,2025-07-13,143.78,completed,2
1140,477,1,2025-09-12,101.12,cancelled,2
1141,282,1,2025-03-29,285.74,completed,2
1142,212,1,2025-02-25,308.19,cancelled,2
1143,1,1,2025-06-22,52.63,cancelled,1
1144,33,1,2025-04-04,253.79,cancelled,3
1145,272,1,2025-03-10,440.49,completed,3
1146,371,1,2025-04-26,143.89,cancelled,3
1147,207,1,2025-03-31,166.84,cancelled,1
1148,30,1,2025-02-06,423.08,completed,1
1149,32,1,2025-08-28,488.17,cancelled,3
1150,237,1,2025-02-07,459.81,cancelled,3
1151,422,1,2025-05-24,271.83,completed,3
1152,298,1,2025-10-07,214.44,cancelled,2
1153,261,1,2025-10-11,142.48,cancelled,3
1154,131,1,2025-04-19,334.36,cancelled,3
1155,362,1,2025-09-21,138.64,completed,1
1156,378,1,2025-01-22,375.88,cancelled,1
1157,417,1,2025-03-14,341.17,cancelled,1
1158,59,1,2025-08-10,121.63,cancelled,2
1159,395,1,2025-05-24,326.83,cancelled,2
1160,458,1,2025-09-17,179.72,cancelled,2
1161,292,1,2025-06-17,484.1,cancelled,2
1162,301,1,2025-05-17,498.82,completed,3
1163,283,1,2025-06-11,199.74,cancelled,1
1164,247,1,2025-07-08,442.19,completed,1
1165,276,1,2025-08-09,325.46,cancelled,3
1166,209,1,2025-01-17,340.17,completed,2
1167,106,1,2025-01-11,116.71,completed,2
1168,475,1,2025-10-12,481.97,cancelled,2
1169,42,1,2025-06-21,62.08,cancelled,1
1170,228,1,2025-06-06,168.39,completed,3
1171,175,1,2025-07-18,298.53,cancelled,2
1172,178,1,2025-03-16,144.86,cancelled,1
1173,307,1,2025-06-18,127.6,completed,2
1174,62,1,2025-02-15,295.07,cancelled,2
1175,345,1,2025-04-18,363.56,completed,3
1176,438,1,2025-05-11,431.79,cancelled,1
1177,454,1,2025-03-05,227.7,completed,2
1178,390,1,2025-04-08,412.83,cancelled,1
1179,44,1,2025-01-10,219.32,cancelled,2
1180,415,1,2025-06-20,399.64,cancelled,3
1181,355,1,2025-03-13,186.0,completed,2
1182,55,1,2025-01-28,486.64,cancelled,1
1183,385,1,2025-06-27,489.65,completed,3
1184,415,1,2025-04-05,322.54,cancelled,2
1185,183,1,2025-04-01,335.15,completed,3
1186,181,1,2025-06-07,133.67,cancelled,2
1187,477,1,2025-08-23,472.08,cancelled,3
1188,272,1,2025-06-15,166.81,completed,2
1189,124,1,2025-02-08,377.53,completed,3
1190,495,1,2025-08-25,57.5,cancelled,1
1191,202,1,2025-05-03,263.3,completed,2
1192,396,1,2025-08-18,313.49,cancelled,2
1193,125,1,2025-10-14,455.86,completed,3
1194,27,1,2025-08-16,92.32,cancelled,3
1195,260,1,2025-01-04,462.08,cancelled,2
1196,420,1,2025-02-05,125.88,cancelled,3
1197,360,1,2025-03-14,368.27,cancelled,1
1198,101,1,2025-09-09,163.46,completed,1
1199,243,1,2025-01-05,225.74,cancelled,1
1200,77,1,2025-07-17,379.36,completed,1
1201,78,1,2025-01-01,139.56,completed,3
1202,375,1,2025-06-04,463.4,cancelled,2
1203,271,1,2025-03-21,219.67,cancelled,1
1204,421,1,2025-08-17,455.99,cancelled,1
1205,201,1,2025-01-19,82.64,cancelled,2
1206,317,1,2025-03-19,373.23,cancelled,3
1207,348,1,2025-09-19,221.54,completed,2
1208,379,1,2025-01-15,335.03,completed,3
1209,85,1,2025-01-17,221.02,cancelled,2
1210,149,1,2025-10-07,393.88,completed,1
1211,492,1,2025-10-10,295.91,cancelled,1
1212,427,1,2025-04-14,305.25,completed,3
1213,314,1,2025-02-17,128.82,cancelled,2
1214,281,1,2025-10-04,458.08,completed,1
1215,369,1,2025-05-03,430.47,cancelled,2
1216,237,1,2025-02-12,102.45,completed,1
1217,330,1,2025-09-22,219.46,cancelled,2
1218,183,1,2025-10-08,363.34,completed,1
1219,486,1,2025-01-02,162.86,cancelled,3
1220,315,1,2025-10-11,260.25,cancelled,3
1221,398,1,2025-07-24,207.84,cancelled,1
1222,447,1,2025-07-29,222.28,completed,2
1223,284,1,2025-01-04,225.41,completed,2
1224,371,1,2025-04-28,180.03,completed,3
1225,264,1,2025-10-18,454.95,cancelled,3
1226,362,1,2025-02-07,191.43,completed,2
1227,122,1,2025-08-17,112.21,completed,2
1228,208,1,2025-10-08,400.45,cancelled,1
1229,494,1,2025-06-14,278.83,completed,2
1230,60,1,2025-09-12,318.76,cancelled,2
1231,105,1,2025-02-10,307.98,cancelled,3
1232,497,1,2025-01-26,275.6,completed,2
1233,471,1,2025-02-12,181.02,cancelled,1
1234,361,1,2025-01-19,437.79,completed,2
1235,370,1,2025-01-24,454.64,completed,3
1236,271,1,2025-10-04,339.9,completed,3
1237,325,1,2025-04-07,171.05,cancelled,2
1238,413,1,2025-09-11,175.09,cancelled,1
1239,427,1,2025-07-23,476.16,completed,2
1240,147,1,2025-09-07,328.88,completed,2
1241,19,1,2025-02-10,261.46,cancelled,2
1242,70,1,2025-02-07,90.85,cancelled,1
1243,211,1,2025-04-22,411.36,completed,2
1244,298,1,2025-03-20,108.31,completed,2
1245,70,1,2025-02-25,495.81,cancelled,1
1246,359,1,2025-09-04,339.05,cancelled,1
1247,293,1,2025-05-17,289.96,completed,3
1248,215,1,2025-07-22,477.72,completed,3
1249,89,1,2025-02-22,377.0,completed,2
1250,473,1,2025-07-11,390.7,cancelled,3
1251,341,1,2025-10-04,195.38,completed,1
1252,438,1,2025-10-16,347.06,cancelled,3
1253,239,1,2025-01-30,271.44,cancelled,1
1254,429,1,2025-08-25,466.44,cancelled,3
1255,265,1,2025-09-06,220.72,cancelled,3
1256,161,1,2025-07-20,366.12,cancelled,2
1257,406,1,2025-06-27,109.59,cancelled,3
1258,146,1,2025-05-04,206.45,completed,1
1259,37,1,2025-06-05,63.15,cancelled,3
1260,299,1,2025-03-12,347.4,completed,3
1261,493,1,2025-10-07,429.18,cancelled,1
1262,346,1,2025-01-20,106.65,cancelled,3
1263,476,1,2025-01-15,108.34,completed,2
1264,283,1,2025-09-03,334.95,cancelled,1
1265,392,1,2025-09-24,406.75,completed,2
1266,248,1,2025-05-31,261.02,completed,1
1267,48,1,2025-07-15,263.79,completed,1
1268,393,1,2025-03-24,228.0,completed,3
1269,315,1,2025-06-23,165.38,completed,3
1270,124,1,2025-09-08,240.1,completed,2
1271,51,1,2025-05-27,322.65,completed,1
1272,250,1,2025-03-10,359.18,cancelled,1
1273,440,1,2025-09-23,447.95,cancelled,1
1274,303,1,2025-03-13,295.56,cancelled,2
1275,469,1,2025-07-14,50.1,cancelled,2
1276,123,1,2025-02-25,141.62,cancelled,2
1277,396,1,2025-03-10,407.03,completed,1
1278,460,1,2025-09-01,96.88,cancelled,3
1279,241,1,2025-08-18,215.91,completed,1
1280,381,1,2025-01-09,327.91,completed,1
1281,141,1,2025-03-09,394.09,completed,3
1282,298,1,2025-08-06,195.58,completed,1
1283,230,1,2025-10-14,186.62,cancelled,2
1284,213,1,2025-02-05,291.42,completed,1
1285,292,1,2025-04-09,132.22,cancelled,1
1286,493,1,2025-03-22,341.78,completed,3
1287,211,1,2025-01-26,226.24,completed,2
1288,298,1,2025-01-24,334.89,completed,2
1289,428,1,2025-01-14,186.82,cancelled,3
1290,457,1,2025-06-29,275.1,completed,3
1291,314,1,2025-01-30,256.26,cancelled,2
1292,424,1,2025-09-09,329.05,cancelled,2
1293,172,1,2025-08-23,469.32,completed,1
1294,19,1,2025-07-06,370.62,completed,1
1295,490,1,2025-02-19,416.06,completed,1
1296,328,1,2025-01-20,342.13,cancelled,2
1297,86,1,2025-01-20,67.68,cancelled,3
1298,196,1,2025-08-23,377.09,completed,3
1299,442,1,2025-05-21,345.93,completed,1
1300,240,1,2025-02-24,222.65,completed,2
1301,496,1,2025-03-03,464.64,completed,2
1302,53,1,2025-05-08,456.83,completed,3
1303,172,1,2025-08-19,364.11,completed,3
1304,266,1,2025-08-04,102.25,cancelled,2
1305,462,1,2025-02-19,107.57,completed,3
1306,80,1,2025-05-22,185.29,cancelled,1
1307,257,1,2025-01-29,473.62,completed,2
1308,459,1,2025-06-01,71.94,completed,3
1309,380,1,2025-01-22,82.1,cancelled,3
1310,469,1,2025-05-02,203.17,completed,2
1311,499,1,2025-03-06,75.69,completed,3
1312,433,1,2025-04-06,233.91,cancelled,3
1313,468,1,2025-07-11,499.33,cancelled,1
1314,172,1,2025-09-12,390.37,cancelled,1
1315,48,1,2025-07-11,71.16,completed,1
1316,101,1,2025-03-19,452.1,cancelled,1
1317,228,1,2025-06-02,266.92,cancelled,3
1318,105,1,2025-08-23,97.11,cancelled,3
1319,195,1,2025-01-17,493.52,cancelled,1
1320,170,1,2025-09-06,87.46,cancelled,1
1321,389,1,2025-02-10,356.46,completed,1
1322,79,1,2025-10-18,442.82,completed,1
1323,236,1,2025-01-23,459.52,cancelled,1
1324,179,1,2025-01-21,208.26,completed,2
1325,239,1,2025-03-26,145.5,cancelled,2
1326,243,1,2025-09-04,167.5,cancelled,1
1327,145,1,2025-06-10,229.14,completed,2
1328,140,1,2025-03-09,126.86,completed,2
1329,378,1,2025-04-18,142.77,completed,1
1330,22,1,2025-01-02,378.48,completed,1
1331,60,1,2025-05-20,285.95,cancelled,3
1332,183,1,2025-06-18,238.82,completed,3
1333,169,1,2025-10-06,375.62,completed,2
1334,298,1,2025-01-06,295.7,completed,3
1335,156,1,2025-03-01,175.9,completed,3
1336,69,1,2025-09-30,376.59,cancelled,3
1337,234,1,2025-06-24,291.54,cancelled,2
1338,121,1,2025-10-10,305.94,completed,2
1339,166,1,2025-05-07,206.44,cancelled,1
1340,391,1,2025-05-24,447.35,completed,2
1341,8,1,2025-07-10,118.6,completed,2
1342,218,1,2025-03-15,442.54,cancelled,2
1343,426,1,2025-09-07,97.04,completed,2
1344,220,1,2025-05-26,309.26,completed,2
1345,429,1,2025-03-06,87.59,completed,2
1346,195,1,2025-09-30,461.78,completed,3
1347,193,1,2025-04-07,162.97,completed,1
1348,385,1,2025-07-08,199.48,completed,3
1349,132,1,2025-01-22,94.44,cancelled,1
1350,173,1,2025-08-19,173.78,completed,1
1351,405,1,2025-09-27,202.63,completed,3
1352,205,1,2025-04-07,287.05,completed,1
1353,404,1,2025-04-24,137.87,completed,2
1354,452,1,2025-05-29,485.02,cancelled,2
1355,351,1,2025-04-03,384.44,cancelled,2
1356,251,1,2025-09-11,353.82,completed,2
1357,302,1,2025-03-25,152.23,cancelled,3
1358,147,1,2025-08-27,95.64,completed,2
1359,352,1,2025-09-25,348.01,cancelled,2
1360,354,1,2025-07-29,297.5,cancelled,2
1361,479,1,2025-05-06,447.17,cancelled,1
1362,362,1,2025-07-12,385.98,cancelled,2
1363,500,1,2025-02-01,198.35,completed,1
1364,270,1,2025-08-20,474.1,completed,3
1365,43,1,2025-09-04,116.11,completed,2
1366,280,1,2025-09-17,301.91,completed,3
1367,477,1,2025-03-12,120.43,cancelled,3
1368,363,1,2025-07-04,191.85,completed,1
1369,160,1,2025-02-20,130.99,cancelled,2
1370,493,1,2025-02-03,223.67,completed,2
1371,55,1,2025-10-13,72.09,completed,3
1372,162,1,2025-06-24,396.55,cancelled,3
1373,246,1,2025-03-05,284.26,cancelled,2
1374,178,1,2025-02-04,333.98,cancelled,3
1375,167,1,2025-08-31,232.21,cancelled,1
1376,250,1,2025-04-28,320.47,completed,1
1377,155,1,2025-08-11,89.48,completed,2
1378,388,1,2025-02-18,342.01,completed,1
1379,487,1,2025-05-23,437.29,cancelled,2
1380,298,1,2025-01-01,115.54,completed,1
1381,461,1,2025-06-19,327.41,completed,2
1382,227,1,2025-07-25,336.81,cancelled,1
1383,491,1,2025-08-23,230.13,cancelled,2
1384,109,1,2025-03-09,248.8,cancelled,3
1385,450,1,2025-08-28,251.46,cancelled,3
1386,334,1,2025-01-27,155.61,cancelled,1
1387,357,1,2025-04-04,413.15,completed,3
1388,28,1,2025-02-02,327.26,cancelled,1
1389,448,1,2025-09-01,191.03,cancelled,2
1390,244,1,2025-07-05,398.26,cancelled,2
1391,112,1,2025-10-07,409.11,cancelled,1
1392,136,1,2025-02-23,144.17,completed,2
1393,144,1,2025-08-10,478.38,completed,2
1394,462,1,2025-08-19,149.17,cancelled,3
1395,360,1,2025-09-07,468.72,cancelled,1
1396,400,1,2025-03-28,114.35,completed,1
1397,27,1,2025-08-29,420.95,completed,3
1398,308,1,2025-07-14,248.56,cancelled,3
1399,391,1,2025-09-26,423.59,cancelled,1
1400,9,1,2025-05-07,84.88,cancelled,1
1401,248,1,2025-02-09,167.41,completed,2
1402,365,1,2025-07-28,304.96,cancelled,3
1403,163,1,2025-01-12,281.76,cancelled,1
1404,390,1,2025-07-06,191.22,cancelled,1
1405,253,1,2025-06-25,332.63,completed,3
1406,189,1,2025-07-18,286.46,completed,1
1407,374,1,2025-05-08,144.13,completed,1
1408,128,1,2025-08-18,271.86,cancelled,1
1409,326,1,2025-01-09,480.36,cancelled,2
1410,223,1,2025-01-10,418.81,cancelled,3
1411,34,1,2025-01-22,277.5,cancelled,2
1412,76,1,2025-07-04,338.08,cancelled,1
1413,145,1,2025-04-03,105.88,cancelled,3
1414,275,1,2025-05-03,143.25,cancelled,3
1415,179,1,2025-10-17,494.96,cancelled,2
1416,251,1,2025-01-25,358.01,cancelled,3
1417,289,1,2025-04-08,456.48,completed,1
1418,287,1,2025-05-16,78.17,cancelled,3
1419,127,1,2025-10-16,328.85,completed,1
1420,417,1,2025-04-04,453.88,cancelled,3
1421,329,1,2025-04-26,109.3,cancelled,2
1422,28,1,2025-07-20,483.84,cancelled,3
1423,124,1,2025-04-09,254.36,cancelled,1
1424,327,1,2025-07-06,181.98,completed,2
1425,66,1,2025-09-26,454.96,completed,2
1426,122,1,2025-05-07,88.35,cancelled,3
1427,370,1,2025-06-15,270.47,cancelled,1
1428,282,1,2025-10-08,306.41,completed,3
1429,377,1,2025-07-26,208.53,cancelled,3
1430,197,1,2025-02-04,50.04,cancelled,1
1431,424,1,2025-06-29,438.73,cancelled,1
1432,440,1,2025-06-08,217.8,cancelled,1
1433,175,1,2025-10-09,350.0,cancelled,3
1434,168,1,2025-01-13,268.27,cancelled,2
1435,224,1,2025-08-19,50.68,completed,3
1436,135,1,2025-07-21,329.93,cancelled,1
1437,497,1,2025-10-10,180.59,cancelled,2
1438,427,1,2025-03-23,198.72,completed,3
1439,147,1,2025-06-29,150.23,completed,1
1440,73,1,2025-07-10,366.12,cancelled,3
1441,457,1,2025-02-26,465.03,completed,1
1442,77,1,2025-03-05,474.02,completed,2
1443,488,1,2025-01-06,470.2,cancelled,1
1444,79,1,2025-10-18,334.01,completed,3
1445,279,1,2025-08-02,197.27,completed,2
1446,380,1,2025-09-29,239.01,completed,2
1447,152,1,2025-06-01,123.92,completed,3
1448,384,1,2025-03-08,250.99,cancelled,2
1449,368,1,2025-01-16,390.39,completed,2
1450,13,1,2025-05-28,322.98,completed,1
1451,127,1,2025-04-13,238.16,completed,1
1452,407,1,2025-07-03,176.36,cancelled,1
1453,488,1,2025-01-28,235.16,cancelled,2
1454,251,1,2025-06-20,119.5,completed,3
1455,452,1,2025-01-03,480.27,completed,2
1456,317,1,2025-01-16,363.45,completed,2
1457,350,1,2025-08-14,209.07,completed,2
1458,78,1,2025-06-15,208.72,cancelled,1
1459,343,1,2025-01-13,308.47,cancelled,3
1460,252,1,2025-10-03,294.57,cancelled,3
1461,389,1,2025-04-04,115.53,completed,2
1462,42,1,2025-05-14,301.26,completed,2
1463,391,1,2025-07-19,399.95,completed,1
1464,2,1,2025-06-06,129.34,cancelled,1
1465,49,1,2025-03-30,298.11,completed,3
1466,177,1,2025-04-17,301.74,completed,2
1467,330,1,2025-06-28,213.64,cancelled,1
1468,152,1,2025-05-06,470.97,cancelled,2
1469,444,1,2025-03-01,396.22,completed,1
1470,403,1,2025-04-11,291.85,cancelled,2
1471,383,1,2025-06-23,435.81,completed,1
1472,20,1,2025-09-21,250.89,completed,1
1473,397,1,2025-09-13,434.11,completed,2
1474,394,1,2025-10-16,333.17,cancelled,1
1475,25,1,2025-09-01,469.05,cancelled,3
1476,279,1,2025-08-05,444.55,cancelled,2
1477,262,1,2025-05-14,314.47,completed,1
1478,185,1,2025-02-21,248.36,cancelled,3
1479,453,1,2025-05-09,269.54,cancelled,3
1480,50,1,2025-01-07,304.1,completed,1
1481,164,1,2025-05-30,405.46,completed,1
1482,259,1,2025-10-04,101.02,completed,3
1483,428,1,2025-10-14,145.5,cancelled,2
1484,313,1,2025-08-07,194.65,completed,1
1485,159,1,2025-07-22,398.79,cancelled,1
1486,102,1,2025-01-22,416.44,cancelled,1
1487,138,1,2025-06-02,361.86,cancelled,1
1488,340,1,2025-09-05,154.12,completed,1
1489,492,1,2025-07-05,369.13,cancelled,1
1490,120,1,2025-06-30,218.91,cancelled,2
1491,43,1,2025-06-17,213.25,cancelled,3
1492,225,1,2025-10-08,440.13,completed,3
1493,192,1,2025-04-10,303.6,completed,1
1494,446,1,2025-02-04,215.18,completed,3
1495,376,1,2025-08-24,479.47,cancelled,3
1496,443,1,2025-07-23,177.28,completed,3
1497,457,1,2025-07-21,228.87,cancelled,3
1498,247,1,2025-08-07,219.3,cancelled,3
1499,289,1,2025-07-02,154.59,completed,1
1500,135,1,2025-08-14,61.52,completed,1
1501,314,1,2025-10-13,486.21,cancelled,3
1502,284,1,2025-07-09,318.89,cancelled,2
1503,155,1,2025-07-13,173.58,completed,3
1504,3,1,2025-03-06,332.96,cancelled,1
1505,163,1,2025-04-29,259.64,completed,3
1506,365,1,2025-06-08,137.01,completed,1
1507,292,1,2025-07-04,416.53,completed,3
1508,89,1,2025-07-04,449.07,completed,1
1509,486,1,2025-10-05,496.17,cancelled,3
1510,305,1,2025-07-28,274.04,cancelled,1
1511,306,1,2025-05-20,351.51,completed,1
1512,214,1,2025-01-01,160.57,completed,3
1513,461,1,2025-05-30,372.4,cancelled,3
1514,289,1,2025-06-19,383.64,cancelled,1
1515,373,1,2025-01-28,82.01,completed,2
1516,77,1,2025-04-30,238.06,completed,2
1517,73,1,2025-09-10,160.63,completed,2
1518,477,1,2025-04-04,415.42,cancelled,1
1519,285,1,2025-04-12,74.95,cancelled,3
1520,174,1,2025-02-06,361.34,completed,1
1521,91,1,2025-04-13,151.13,cancelled,2
1522,184,1,2025-09-27,353.24,cancelled,1
1523,446,1,2025-04-21,257.79,completed,2
1524,10,1,2025-05-04,331.24,cancelled,1
1525,302,1,2025-08-02,102.53,completed,1
1526,58,1,2025-01-22,359.16,cancelled,3
1527,52,1,2025-09-19,175.46,cancelled,1
1528,211,1,2025-06-03,199.34,completed,3
1529,357,1,2025-09-07,100.39,completed,3
1530,229,1,2025-02-02,329.84,completed,1
1531,208,1,2025-10-13,386.98,cancelled,3
1532,173,1,2025-08-06,424.66,cancelled,2
1533,94,1,2025-05-12,228.99,cancelled,3
1534,334,1,2025-08-24,129.38,completed,2
1535,295,1,2025-03-28,183.38,completed,3
1536,31,1,2025-05-19,433.63,completed,1
1537,192,1,2025-02-08,301.52,cancelled,1
1538,314,1,2025-07-13,312.24,cancelled,2
1539,178,1,2025-05-03,253.94,cancelled,3
1540,144,1,2025-08-04,111.77,completed,1
1541,491,1,2025-06-22,279.69,completed,1
1542,431,1,2025-10-18,178.55,cancelled,3
1543,391,1,2025-07-09,420.29,completed,3
1544,159,1,2025-01-15,215.58,cancelled,3
1545,87,1,2025-08-24,212.21,cancelled,2
1546,403,1,2025-06-29,192.77,completed,2
1547,299,1,2025-05-03,107.06,completed,2
1548,47,1,2025-06-29,284.24,cancelled,2
1549,235,1,2025-01-26,122.09,completed,1
1550,283,1,2025-05-14,355.31,completed,1
1551,83,1,2025-06-19,117.48,completed,3
1552,247,1,2025-09-02,368.52,completed,2
1553,311,1,2025-06-21,484.44,completed,3
1554,169,1,2025-07-22,326.6,cancelled,1
1555,245,1,2025-06-14,316.92,completed,2
1556,62,1,2025-03-26,249.48,cancelled,3
1557,339,1,2025-04-21,108.33,cancelled,1
1558,254,1,2025-07-13,289.8,completed,3
1559,205,1,2025-03-18,188.49,cancelled,2
1560,173,1,2025-08-08,252.9,cancelled,1
1561,68,1,2025-07-02,167.06,completed,3
1562,440,1,2025-08-04,168.5,cancelled,1
1563,218,1,2025-06-29,131.16,completed,3
1564,128,1,2025-05-23,229.17,cancelled,2
1565,463,1,2025-09-08,435.08,cancelled,2
1566,155,1,2025-02-01,154.45,cancelled,1
1567,262,1,2025-03-06,387.76,completed,2
1568,479,1,2025-06-27,309.37,cancelled,3
1569,269,1,2025-06-16,189.05,cancelled,2
1570,415,1,2025-04-10,136.62,completed,2
1571,464,1,2025-02-06,326.03,completed,3
1572,451,1,2025-04-28,432.51,cancelled,2
1573,446,1,2025-06-01,248.61,cancelled,2
1574,49,1,2025-07-03,239.71,cancelled,1
1575,16,1,2025-09-01,450.4,completed,3
1576,378,1,2025-01-23,171.89,completed,3
1577,317,1,2025-04-27,320.05,completed,3
1578,346,1,2025-03-27,347.78,cancelled,3
1579,477,1,2025-02-26,245.76,completed,1
1580,358,1,2025-04-19,74.02,cancelled,2
1581,451,1,2025-04-11,171.56,cancelled,1
1582,388,1,2025-04-18,185.24,completed,3
1583,401,1,2025-02-25,166.35,cancelled,3
1584,293,1,2025-04-21,415.18,cancelled,1
1585,415,1,2025-05-30,397.94,cancelled,3
1586,157,1,2025-02-09,376.15,cancelled,1
1587,185,1,2025-03-15,360.57,cancelled,2
1588,9,1,2025-02-04,381.93,cancelled,3
1589,423,1,2025-06-23,370.93,completed,2
1590,365,1,2025-08-01,337.5,completed,2
1591,390,1,2025-05-29,95.18,cancelled,1
1592,5,1,2025-03-02,280.83,cancelled,1
1593,349,1,2025-08-10,83.5,completed,2
1594,313,1,2025-05-10,436.76,cancelled,2
1595,435,1,2025-10-16,119.02,completed,2
1596,452,1,2025-10-14,369.14,cancelled,1
1597,408,1,2025-06-02,476.44,cancelled,3
1598,246,1,2025-06-23,225.01,completed,2
1599,185,1,2025-03-30,438.07,cancelled,2
1600,314,1,2025-01-12,299.68,completed,1
1601,241,1,2025-01-10,478.63,cancelled,3
1602,268,1,2025-09-05,149.69,completed,3
1603,34,1,2025-02-20,66.48,completed,1
1604,457,1,2025-03-22,317.77,completed,3
1605,447,1,2025-06-17,449.73,cancelled,1
1606,211,1,2025-03-04,107.21,completed,2
1607,281,1,2025-07-13,413.06,completed,1
1608,485,1,2025-05-31,182.82,cancelled,2
1609,281,1,2025-04-23,466.38,completed,1
1610,416,1,2025-04-17,302.58,completed,2
1611,216,1,2025-01-14,60.95,cancelled,2
1612,192,1,2025-07-07,339.64,cancelled,1
1613,471,1,2025-02-18,309.6,cancelled,2
1614,65,1,2025-02-21,447.34,cancelled,3
1615,426,1,2025-03-23,114.86,cancelled,2
1616,172,1,2025-01-09,451.35,completed,3
1617,377,1,2025-04-14,172.56,cancelled,2
1618,335,1,2025-08-08,156.68,completed,3
1619,260,1,2025-01-15,397.44,cancelled,2
1620,177,1,2025-01-28,104.05,cancelled,1
1621,55,1,2025-07-20,362.04,cancelled,2
1622,151,1,2025-05-18,81.95,cancelled,2
1623,447,1,2025-08-28,181.3,cancelled,2
1624,213,1,2025-03-25,229.74,completed,1
1625,212,1,2025-03-19,286.22,completed,3
1626,395,1,2025-04-15,202.94,completed,3
1627,412,1,2025-07-01,95.85,cancelled,3
1628,265,1,2025-10-12,401.11,completed,1
1629,68,1,2025-03-24,419.16,cancelled,3
1630,387,1,2025-03-08,182.19,cancelled,3
1631,229,1,2025-05-04,242.55,completed,1
1632,74,1,2025-08-03,167.34,cancelled,1
1633,242,1,2025-07-28,260.86,cancelled,3
1634,116,1,2025-09-29,150.05,completed,2
1635,267,1,2025-09-02,76.03,completed,3
1636,192,1,2025-06-30,477.25,completed,3
1637,292,1,2025-07-20,335.15,cancelled,2
1638,362,1,2025-02-11,430.4,completed,1
1639,493,1,2025-09-27,61.88,cancelled,1
1640,347,1,2025-03-30,92.06,cancelled,3
1641,42,1,2025-01-29,205.39,completed,2
1642,469,1,2025-06-12,216.18,completed,2
1643,108,1,2025-09-04,64.08,cancelled,2
1644,137,1,2025-06-22,432.98,cancelled,2
1645,477,1,2025-04-18,385.64,cancelled,2
1646,154,1,2025-01-05,51.82,completed,3
1647,463,1,2025-05-06,265.62,cancelled,3
1648,344,1,2025-04-12,328.36,cancelled,2
1649,460,1,2025-08-17,299.31,cancelled,2
1650,44,1,2025-04-29,465.99,completed,2
1651,317,1,2025-01-16,66.1,completed,3
1652,2,1,2025-01-01,354.69,completed,3
1653,292,1,2025-08-28,150.0,cancelled,2
1654,181,1,2025-04-29,473.25,cancelled,3
1655,24,1,2025-10-12,53.4,cancelled,1
1656,87,1,2025-02-21,373.95,cancelled,1
1657,29,1,2025-09-07,485.24,completed,3
1658,313,1,2025-03-09,59.47,completed,3
1659,115,1,2025-07-05,199.01,cancelled,3
1660,150,1,2025-08-04,206.46,cancelled,3
1661,416,1,2025-03-30,428.15,completed,2
1662,60,1,2025-08-25,493.47,completed,3
1663,131,1,2025-05-14,247.54,completed,2
1664,392,1,2025-02-26,334.84,completed,3
1665,498,1,2025-02-23,381.29,completed,3
1666,2,1,2025-09-14,166.14,completed,2
1667,95,1,2025-02-18,283.02,cancelled,2
1668,189,1,2025-02-08,203.57,completed,1
1669,122,1,2025-01-03,206.79,cancelled,2
1670,324,1,2025-07-04,174.49,cancelled,2
1671,60,1,2025-07-13,274.51,completed,1
1672,436,1,2025-07-12,213.17,cancelled,2
1673,412,1,2025-02-17,61.84,cancelled,3
1674,54,1,2025-06-13,255.66,cancelled,2
1675,255,1,2025-07-21,50.71,cancelled,2
1676,226,1,2025-10-18,78.78,completed,1
1677,436,1,2025-04-29,383.4,cancelled,2
1678,204,1,2025-09-30,245.46,completed,3
1679,303,1,2025-01-06,283.04,cancelled,1
1680,374,1,2025-03-26,50.92,completed,3
1681,345,1,2025-09-01,252.42,completed,3
1682,407,1,2025-03-07,163.12,completed,3
1683,466,1,2025-10-08,160.02,completed,3
1684,470,1,2025-05-24,275.3,cancelled,2
1685,421,1,2025-08-29,135.11,cancelled,1
1686,12,1,2025-02-18,494.49,completed,3
1687,54,1,2025-10-11,179.53,completed,2
1688,454,1,2025-04-09,383.08,cancelled,2
1689,358,1,2025-01-07,208.82,cancelled,3
1690,400,1,2025-01-19,374.12,completed,1
1691,95,1,2025-03-30,411.04,cancelled,1
1692,60,1,2025-04-10,183.9,cancelled,1
1693,489,1,2025-10-15,94.05,cancelled,2
1694,143,1,2025-06-20,393.14,cancelled,1
1695,293,1,2025-02-12,120.36,completed,3
1696,48,1,2025-02-14,174.54,completed,2
1697,306,1,2025-10-04,79.51,completed,2
1698,70,1,2025-02-06,113.31,cancelled,2
1699,44,1,2025-08-09,463.84,cancelled,2
1700,311,1,2025-04-25,315.11,cancelled,1
1701,470,1,2025-07-13,138.61,cancelled,2
1702,250,1,2025-10-07,367.89,completed,3
1703,52,1,2025-06-16,421.41,cancelled,1
1704,425,1,2025-07-08,300.98,completed,1
1705,128,1,2025-01-19,436.41,completed,3
1706,145,1,2025-05-17,420.02,cancelled,2
1707,36,1,2025-03-24,194.22,cancelled,3
1708,16,1,2025-01-28,205.82,completed,1
1709,82,1,2025-06-25,364.59,cancelled,3
1710,177,1,2025-07-24,254.76,cancelled,2
1711,472,1,2025-02-18,381.59,cancelled,3
1712,253,1,2025-07-15,461.99,cancelled,2
1713,167,1,2025-09-11,50.44,completed,3
1714,426,1,2025-08-13,260.46,completed,2
1715,158,1,2025-02-02,297.11,completed,3
1716,373,1,2025-01-03,434.64,cancelled,1
1717,8,1,2025-06-27,420.24,completed,1
1718,361,1,2025-05-25,308.91,cancelled,2
1719,243,1,2025-09-14,453.24,completed,2
1720,387,1,2025-03-26,479.53,completed,3
1721,107,1,2025-05-13,75.11,cancelled,2
1722,33,1,2025-06-23,88.79,completed,3
1723,65,1,2025-05-09,192.01,cancelled,1
1724,125,1,2025-05-16,478.02,cancelled,1
1725,480,1,2025-03-09,442.88,cancelled,2
1726,330,1,2025-01-23,198.33,completed,2
1727,158,1,2025-06-15,171.12,cancelled,2
1728,479,1,2025-08-26,241.14,cancelled,1
1729,404,1,2025-03-14,144.82,cancelled,1
1730,199,1,2025-03-22,421.04,cancelled,2
1731,188,1,2025-10-03,88.42,completed,3
1732,283,1,2025-05-26,226.57,completed,3
1733,449,1,2025-02-15,83.43,completed,3
1734,472,1,2025-09-05,269.45,cancelled,2
1735,271,1,2025-02-16,475.22,completed,2
1736,44,1,2025-03-13,182.9,completed,1
1737,112,1,2025-10-08,126.34,completed,1
1738,327,1,2025-04-14,483.04,completed,3
1739,71,1,2025-05-12,468.57,completed,2
1740,48,1,2025-09-10,400.62,completed,3
1741,269,1,2025-08-26,209.83,cancelled,2
1742,194,1,2025-07-21,368.11,cancelled,1
1743,496,1,2025-05-25,283.21,cancelled,3
1744,286,1,2025-09-26,441.38,completed,3
1745,129,1,2025-03-28,160.95,completed,3
1746,364,1,2025-01-30,433.02,completed,3
1747,449,1,2025-05-03,318.26,cancelled,1
1748,85,1,2025-02-01,421.78,completed,1
1749,266,1,2025-08-15,148.17,completed,2
1750,398,1,2025-05-24,435.08,cancelled,2
1751,230,1,2025-04-11,464.61,completed,3
1752,51,1,2025-08-17,64.37,cancelled,2
1753,421,1,2025-05-12,407.06,completed,2
1754,334,1,2025-04-17,247.48,cancelled,1
1755,398,1,2025-05-10,115.65,cancelled,2
1756,302,1,2025-09-09,239.38,completed,3
1757,196,1,2025-08-19,225.23,completed,1
1758,406,1,2025-03-15,356.53,completed,2
1759,400,1,2025-02-23,395.3,cancelled,3
1760,38,1,2025-09-07,415.28,completed,1
1761,323,1,2025-03-25,149.28,completed,3
1762,370,1,2025-06-16,186.86,cancelled,1
1763,44,1,2025-01-01,219.74,completed,3
1764,102,1,2025-05-08,214.08,cancelled,2
1765,45,1,2025-06-05,444.24,cancelled,2
1766,215,1,2025-09-07,410.74,completed,1
1767,416,1,2025-07-07,51.68,cancelled,2
1768,24,1,2025-06-25,100.93,cancelled,3
1769,53,1,2025-03-30,121.96,completed,1
1770,457,1,2025-04-25,203.44,completed,2
1771,445,1,2025-07-27,167.15,cancelled,1
1772,146,1,2025-05-15,443.03,cancelled,3
1773,363,1,2025-09-04,311.48,completed,3
1774,37,1,2025-02-18,368.42,cancelled,3
1775,70,1,2025-07-17,272.94,completed,2
1776,151,1,2025-05-26,341.6,cancelled,1
1777,73,1,2025-08-31,192.76,completed,2
1778,183,1,2025-06-24,129.4,completed,3
1779,180,1,2025-01-14,422.9,completed,1
1780,171,1,2025-06-23,116.08,cancelled,2
1781,381,1,2025-09-21,456.46,completed,1
1782,66,1,2025-08-10,335.13,completed,1
1783,112,1,2025-07-02,458.7,cancelled,2
1784,44,1,2025-04-24,403.86,completed,2
1785,409,1,2025-03-23,420.3,completed,2
1786,468,1,2025-02-02,427.66,completed,1
1787,8,1,2025-05-27,250.04,completed,2
1788,301,1,2025-08-23,211.07,cancelled,3
1789,277,1,2025-07-28,271.74,completed,3
1790,102,1,2025-09-10,442.59,completed,2
1791,253,1,2025-09-22,105.15,completed,3
1792,56,1,2025-01-14,489.42,cancelled,2
1793,172,1,2025-08-04,296.78,cancelled,3
1794,97,1,2025-01-14,82.32,cancelled,3
1795,31,1,2025-03-10,324.68,completed,2
1796,121,1,2025-01-18,125.46,cancelled,2
1797,119,1,2025-09-21,277.26,completed,1
1798,61,1,2025-09-14,212.58,cancelled,3
1799,253,1,2025-06-22,116.44,completed,3
1800,161,1,2025-05-07,447.73,cancelled,3
1801,348,1,2025-07-09,342.88,cancelled,1
1802,48,1,2025-05-25,306.31,cancelled,1
1803,90,1,2025-01-12,365.3,completed,1
1804,365,1,2025-01-03,322.97,completed,2
1805,435,1,2025-05-04,471.43,cancelled,2
1806,111,1,2025-02-07,447.17,cancelled,2
1807,153,1,2025-03-25,126.97,cancelled,3
1808,124,1,2025-03-10,254.03,completed,3
1809,170,1,2025-05-11,141.46,cancelled,1
1810,366,1,2025-09-13,81.06,cancelled,1
1811,429,1,2025-03-20,300.6,completed,3
1812,28,1,2025-01-08,79.92,completed,1
1813,420,1,2025-05-04,498.69,completed,2
1814,15,1,2025-07-26,250.09,completed,2
1815,46,1,2025-09-02,266.43,cancelled,3
1816,364,1,2025-07-11,122.2,cancelled,2
1817,174,1,2025-06-30,251.81,cancelled,3
1818,112,1,2025-05-02,140.25,completed,1
1819,314,1,2025-03-24,165.68,cancelled,2
1820,304,1,2025-09-03,302.78,cancelled,3
1821,145,1,2025-01-31,182.28,completed,3
1822,150,1,2025-08-19,265.8,completed,3
1823,296,1,2025-06-06,58.94,completed,3
1824,169,1,2025-09-17,165.65,cancelled,2
1825,117,1,2025-03-04,405.1,cancelled,2
1826,46,1,2025-02-26,415.09,completed,3
1827,137,1,2025-07-20,117.77,completed,1
1828,89,1,2025-02-05,105.88,completed,2
1829,207,1,2025-03-06,346.21,cancelled,1
1830,421,1,2025-08-07,168.6,cancelled,1
1831,21,1,2025-02-26,462.43,completed,2
1832,304,1,2025-09-07,341.29,completed,1
1833,464,1,2025-01-01,323.31,cancelled,3
1834,254,1,2025-07-31,373.47,cancelled,1
1835,153,1,2025-02-19,457.57,completed,1
1836,182,1,2025-04-08,390.26,completed,1
1837,261,1,2025-08-03,474.65,cancelled,1
1838,138,1,2025-10-10,299.84,cancelled,2
1839,242,1,2025-02-12,457.67,cancelled,3
1840,460,1,2025-08-29,59.38,completed,3
1841,286,1,2025-02-13,79.41,completed,3
1842,425,1,2025-05-08,88.09,completed,2
1843,171,1,2025-01-28,437.29,completed,3
1844,395,1,2025-02-25,240.78,cancelled,2
1845,63,1,2025-01-06,53.52,cancelled,1
1846,237,1,2025-09-14,400.4,cancelled,3
1847,280,1,2025-08-31,473.08,completed,2
1848,91,1,2025-07-15,113.68,completed,3
1849,437,1,2025-07-31,52.66,cancelled,2
1850,374,1,2025-02-26,92.94,completed,2
1851,162,1,2025-07-04,315.28,completed,3
1852,434,1,2025-05-14,394.8,completed,1
1853,124,1,2025-04-15,363.37,cancelled,1
1854,21,1,2025-08-14,231.33,cancelled,3
1855,338,1,2025-01-22,443.37,cancelled,1
1856,324,1,2025-01-08,52.45,completed,1
1857,1,1,2025-06-03,391.76,cancelled,2
1858,97,1,2025-05-30,266.16,cancelled,2
1859,268,1,2025-05-24,469.77,completed,1
1860,206,1,2025-04-04,126.78,cancelled,3
1861,131,1,2025-04-21,214.18,completed,2
1862,481,1,2025-01-23,154.34,cancelled,1
1863,333,1,2025-09-04,497.09,completed,1
1864,152,1,2025-02-11,363.8,completed,2
1865,40,1,2025-03-16,399.93,cancelled,1
1866,494,1,2025-09-10,313.27,cancelled,3
1867,414,1,2025-05-29,157.93,cancelled,3
1868,335,1,2025-06-24,319.5,cancelled,2
1869,328,1,2025-01-11,331.77,completed,2
1870,170,1,2025-02-12,296.42,cancelled,3
1871,294,1,2025-10-12,242.51,cancelled,1
1872,166,1,2025-03-31,220.25,completed,2
1873,57,1,2025-09-17,283.58,cancelled,1
1874,312,1,2025-09-16,474.88,cancelled,3
1875,71,1,2025-02-09,83.59,completed,2
1876,133,1,2025-01-09,479.56,cancelled,2
1877,396,1,2025-03-16,385.48,completed,1
1878,278,1,2025-01-02,187.08,completed,3
1879,126,1,2025-06-18,497.46,completed,1
1880,376,1,2025-04-07,251.94,cancelled,2
1881,294,1,2025-05-03,267.02,cancelled,2
1882,101,1,2025-03-07,419.47,cancelled,1
1883,97,1,2025-04-04,432.25,cancelled,2
1884,387,1,2025-03-22,247.07,cancelled,2
1885,291,1,2025-08-19,336.28,completed,1
1886,392,1,2025-06-08,317.17,completed,2
1887,422,1,2025-07-10,269.26,completed,2
1888,269,1,2025-04-25,456.12,completed,3
1889,256,1,2025-08-17,435.29,cancelled,1
1890,226,1,2025-09-28,231.84,completed,3
1891,141,1,2025-03-23,382.93,cancelled,3
1892,284,1,2025-10-04,54.05,cancelled,1
1893,377,1,2025-08-25,192.48,completed,1
1894,300,1,2025-03-21,63.15,completed,1
1895,191,1,2025-07-08,358.64,completed,1
1896,303,1,2025-08-03,259.52,cancelled,3
1897,133,1,2025-03-20,128.7,cancelled,3
1898,207,1,2025-03-04,328.78,cancelled,3
1899,52,1,2025-09-20,276.46,completed,2
1900,431,1,2025-05-20,118.7,completed,3
1901,219,1,2025-01-25,168.86,completed,2
1902,268,1,2025-08-30,219.02,cancelled,3
1903,122,1,2025-05-15,194.3,cancelled,3
1904,376,1,2025-07-13,75.3,completed,2
1905,84,1,2025-08-15,322.24,cancelled,1
1906,474,1,2025-08-23,232.08,completed,1
1907,362,1,2025-06-19,253.48,completed,2
1908,448,1,2025-05-31,263.8,cancelled,1
1909,274,1,2025-02-27,356.04,completed,3
1910,251,1,2025-05-31,345.37,completed,3
1911,295,1,2025-03-08,145.33,cancelled,3
1912,370,1,2025-06-29,124.85,cancelled,1
1913,472,1,2025-07-06,131.69,completed,3
1914,237,1,2025-05-29,59.94,cancelled,1
1915,127,1,2025-05-24,64.26,cancelled,2
1916,372,1,2025-02-22,74.42,cancelled,2
1917,25,1,2025-09-20,200.99,completed,1
1918,73,1,2025-01-21,386.22,cancelled,2
1919,69,1,2025-09-30,250.63,completed,2
1920,93,1,2025-04-28,307.43,completed,2
1921,296,1,2025-02-14,67.04,cancelled,1
1922,114,1,2025-02-22,296.21,completed,1
1923,373,1,2025-09-17,177.66,cancelled,1
1924,252,1,2025-02-17,426.77,cancelled,2
1925,322,1,2025-07-29,151.36,cancelled,3
1926,278,1,2025-07-09,212.14,completed,3
1927,139,1,2025-05-24,274.16,completed,2
1928,289,1,2025-07-26,466.24,cancelled,3
1929,290,1,2025-05-04,440.54,completed,2
1930,246,1,2025-10-13,495.17,completed,3
1931,62,1,2025-07-17,285.7,completed,2
1932,381,1,2025-04-28,217.57,cancelled,2
1933,264,1,2025-01-04,265.96,cancelled,2
1934,369,1,2025-05-08,338.17,cancelled,2
1935,273,1,2025-08-18,290.5,cancelled,2
1936,164,1,2025-05-26,234.92,cancelled,2
1937,347,1,2025-04-21,301.22,cancelled,1
1938,370,1,2025-03-18,82.3,cancelled,3
1939,382,1,2025-04-22,495.34,cancelled,2
1940,100,1,2025-08-27,256.24,cancelled,2
1941,89,1,2025-07-06,86.0,completed,2
1942,197,1,2025-08-17,130.21,cancelled,2
1943,499,1,2025-03-22,149.97,completed,1
1944,258,1,2025-03-01,404.03,completed,2
1945,389,1,2025-08-17,446.41,cancelled,3
1946,452,1,2025-01-10,203.36,completed,2
1947,193,1,2025-02-28,229.42,completed,3
1948,75,1,2025-07-19,84.38,completed,1
1949,32,1,2025-10-14,376.1,completed,3
1950,220,1,2025-02-26,223.06,cancelled,2
1951,279,1,2025-09-13,485.82,cancelled,3
1952,159,1,2025-04-24,440.16,completed,2
1953,141,1,2025-07-31,278.69,completed,3
1954,247,1,2025-05-19,389.95,cancelled,3
1955,210,1,2025-07-21,492.39,cancelled,1
1956,238,1,2025-02-25,288.73,cancelled,2
1957,286,1,2025-07-20,93.11,cancelled,2
1958,89,1,2025-05-04,412.86,completed,1
1959,82,1,2025-03-24,59.03,cancelled,3
1960,58,1,2025-08-29,101.59,cancelled,2
1961,303,1,2025-09-16,329.86,cancelled,2
1962,162,1,2025-01-15,79.45,completed,2
1963,488,1,2025-01-17,66.5,cancelled,1
1964,345,1,2025-07-13,335.73,completed,2
1965,132,1,2025-02-16,245.63,cancelled,2
1966,338,1,2025-07-14,191.59,completed,3
1967,336,1,2025-05-18,433.0,cancelled,3
1968,58,1,2025-05-25,258.05,completed,2
1969,480,1,2025-05-27,120.13,completed,2
1970,278,1,2025-08-29,210.78,cancelled,1
1971,315,1,2025-07-12,137.4,completed,1
1972,20,1,2025-09-25,190.91,cancelled,1
1973,2,1,2025-09-28,226.12,cancelled,1
1974,320,1,2025-08-19,294.51,cancelled,3
1975,222,1,2025-07-24,196.37,cancelled,2
1976,316,1,2025-06-07,166.27,cancelled,1
1977,6,1,2025-06-15,358.15,completed,3
1978,163,1,2025-06-03,138.0,cancelled,1
1979,462,1,2025-07-14,274.29,completed,1
1980,495,1,2025-03-22,339.89,cancelled,1
1981,244,1,2025-07-10,223.74,cancelled,1
1982,317,1,2025-02-04,250.18,cancelled,3
1983,5,1,2025-06-07,344.73,completed,3
1984,417,1,2025-06-26,53.51,cancelled,3
1985,473,1,2025-02-20,446.24,completed,2
1986,29,1,2025-01-01,270.86,cancelled,2
1987,13,1,2025-02-17,390.0,cancelled,3
1988,472,1,2025-06-04,106.88,cancelled,1
1989,495,1,2025-02-20,169.1,completed,1
1990,112,1,2025-06-10,112.58,cancelled,1
1991,172,1,2025-04-16,390.83,completed,2
1992,227,1,2025-02-19,417.57,completed,2
1993,243,1,2025-07-20,457.9,completed,2
1994,431,1,2025-02-14,185.37,cancelled,1
1995,227,1,2025-01-28,320.9,cancelled,2
1996,341,1,2025-04-11,405.69,cancelled,3
1997,327,1,2025-08-24,428.14,completed,3
1998,400,1,2025-02-18,191.93,completed,3
1999,265,1,2025-09-22,331.71,completed,2
2000,397,1,2025-09-23,257.9,completed,1
